Date,Bitcoin,M1,PHILA,NASDAQ,SP500,Energy,Materials,Industrials,Consumer.Discretionary,Consumer.Staples,Health.Care,Financials,IT,Communication.Services,Utilities,Real.Estate,Gold,Bond10yr,Bond2yr,Oil
2014-09-15,398.821014,2750.6,632.237,4518.902,1984.13,683.28516,313.1305,463.47092,538.2965,464.0066,734.3261,314.19284,660.7022,157.57886,213.8535,168.30666,"1,233.00",2.6,0.58,92.86
2014-09-22,377.181,2826.5,641.354,4527.688,1994.29,675.5215,318.21945,464.2586,535.677,468.10184,747.27466,316.6886,663.23083,162.0623,214.76039,167.2877,"1,215.05",2.57,0.58,91.46
2014-09-29,320.51001,2979.3,644.232,4505.852,1977.8,669.10913,316.22568,458.48965,531.7673,464.97504,744.37823,312.83432,658.37067,160.58784,213.57072,166.97865,"1,215.95",2.5,0.58,94.53
2014-10-06,378.549011,2827.3,617.965,4454.801,1964.82,647.08795,305.32263,453.58035,528.11084,468.42114,742.1804,313.17908,654.226,161.61879,216.19931,167.86899,"1,207.15",2.43,0.54,90.33
2014-10-13,389.54599,2759.7,549.471,4213.656,1874.74,596.21375,284.05215,427.0187,501.51465,464.1352,711.20856,301.382,619.36414,154.80313,218.04573,169.38799,"1,237.15",.,.,85.73
2014-10-20,354.70401,2842.7,584.147,4316.074,1904.01,611.50757,297.84467,444.8794,514.1144,466.6595,716.3541,302.4417,624.47235,156.24881,221.63356,174.42523,"1,246.60",2.2,0.37,82.76
2014-10-27,325.891998,2953.2,614.231,4485.934,1961.63,615.4751,297.59558,462.3567,527.14557,473.71732,755.3536,311.5638,649.58563,157.70245,225.96463,178.30965,"1,225.40",2.27,0.41,81.26
2014-11-03,363.264008,3017.7,644.767,4638.906,2017.81,630.1571,302.04773,473.7953,540.0463,482.6132,779.03705,322.20844,673.54694,161.11668,232.5329,182.85336,"1,165.35",2.36,0.52,78.77
2014-11-10,387.881989,2769.9,642.253,4651.617,2038.26,637.4497,306.57587,484.70935,538.7631,493.1789,783.00006,326.5703,676.7256,161.3969,235.78049,182.80829,"1,150.60",2.38,0.55,77.43
2014-11-17,367.572998,2776.7,642.545,4671.004,2041.32,627.15375,309.3801,483.08847,548.4017,494.64575,781.08435,323.7665,686.04266,164.4394,230.5021,181.81348,"1,186.55",2.34,0.54,75.64
2014-11-24,378.046997,2871.1,669.466,4754.891,2069.41,640.8818,316.3967,492.26443,560.43713,498.06952,792.84595,327.85828,694.90906,159.48923,229.2482,184.36938,"1,197.40",2.3,0.53,75.74
2014-12-01,375.095001,2978,676.693,4727.348,2053.44,588.7375,304.8995,481.79126,562.28815,503.4004,802.06964,325.64252,696.3985,161.0331,232.99562,186.96225,"1,210.90",2.22,0.49,68.98
2014-12-08,351.631989,2837.4,693.004,4740.691,2060.31,568.43463,306.62125,485.0206,561.3758,500.2901,820.01605,335.06857,692.45435,156.454,233.45241,187.16888,"1,203.20",2.26,0.64,63.13
2014-12-15,320.842987,2884.2,665.714,4605.156,1989.63,540.02515,290.7078,468.3908,549.8058,488.17172,786.8891,321.3081,673.03485,147.27486,229.76793,184.18443,"1,192.60",2.12,0.6,55.96
2014-12-22,317.239014,3030.6,696.681,4781.426,2078.54,591.0113,307.0739,491.29147,567.6204,505.80548,807.5312,335.36734,704.5552,154.41046,239.16371,191.7895,"1,175.05",2.17,0.71,55.25
2014-12-29,264.195007,3172.3,695.076,4806.91,2090.57,594.75964,308.98093,493.853,576.97266,507.86743,803.0694,337.83984,705.2698,155.04567,249.87254,191.34654,"1,183.10",2.22,0.72,53.46
2015-01-05,265.660004,3030.2,673.587,4652.574,2020.58,565.6016,297.63788,474.4678,557.30963,494.00073,790.2247,326.42712,678.71686,151.80266,238.3541,190.87614,"1,204.45",2.04,0.68,50.05
2015-01-12,210.339005,2839,671.824,4664.707,2028.26,552.0002,303.13254,472.73242,559.67645,504.30978,812.68353,322.59915,680.37305,152.43744,240.4496,198.13312,"1,233.64",1.92,0.56,46.06
2015-01-12,210.339005,2839,671.824,4664.707,2028.26,552.0002,303.13254,472.73242,559.67645,504.30978,812.68353,322.59915,680.37305,152.43744,240.4496,198.13312,"1,233.64",1.92,0.56,46.06
2015-01-26,226.972,2978.3,682.391,4771.762,2057.09,576.1801,304.2917,481.41635,565.5215,510.87354,825.01105,322.02615,690.41473,152.07745,250.04346,204.3426,"1,281.24",1.83,0.54,44.8
2015-02-02,223.412003,3093.4,655.187,4676.688,2020.85,574.68195,302.04288,475.53824,559.7259,499.70822,806.216,315.03198,671.8361,152.76154,246.83646,198.99817,"1,275.44",1.68,0.49,49.25
2015-02-09,234.824997,2898.3,664.536,4726.012,2046.74,589.02844,312.96964,481.37262,576.2148,500.70502,797.5878,323.59436,680.4641,159.07024,234.47469,195.64641,"1,239.68",1.96,0.65,52.99
2015-02-09,234.824997,2898.3,664.536,4726.012,2046.74,589.02844,312.96964,481.37262,576.2148,500.70502,797.5878,323.59436,680.4641,159.07024,234.47469,195.64641,"1,239.68",1.96,0.65,52.99
2015-02-23,260.201996,3005,706.703,4960.973,2109.66,586.59546,325.27417,496.13086,597.6973,510.9872,836.4839,328.00616,720.13385,156.52911,233.01305,196.56726,"1,201.92",2.06,0.64,49.56
2015-03-02,274.354004,3082.6,734.509,5008.098,2117.39,573.5057,324.8153,497.04202,608.9083,514.7575,841.4303,330.191,724.38934,159.08197,224.1953,193.53896,"1,207.10",2.08,0.66,49.59
2015-03-09,286.393005,2919.7,715.031,4942.438,2079.43,556.78723,316.4166,487.9703,600.1512,502.67157,829.14923,327.1865,710.6589,154.08087,219.38863,187.58322,"1,167.30",2.2,0.7,49.95
2015-03-16,267.959991,2938.3,718.529,4929.508,2081.19,552.20197,311.65872,488.09985,601.4153,499.98563,846.6337,330.89548,698.6785,154.89964,223.2017,191.37112,"1,154.59",2.1,0.66,43.93
2015-03-23,242.712997,3040,723.959,5010.973,2104.42,562.29596,309.33286,487.22922,608.21674,504.55252,864.0223,331.47092,711.08594,156.23657,228.97603,198.4341,"1,189.30",1.92,0.6,47.4
2015-03-30,260.597992,3169.7,703.74,4947.441,2086.24,571.0001,309.27496,484.29102,600.59204,505.73752,853.08203,327.20425,699.69977,154.36427,225.79576,195.27847,"1,186.20",1.96,0.58,48.66
2015-04-06,236.153,3010.8,692.68,4917.316,2080.62,577.84375,309.71933,480.05185,603.3466,508.92007,833.302,326.54034,696.4266,156.18388,229.40753,196.84377,"1,214.70",1.92,0.51,52.08
2015-04-13,222.600006,2943.1,704.517,4988.25,2092.43,580.4331,310.56412,486.84647,605.0097,507.05045,850.9368,327.5648,700.2049,154.34203,224.61115,189.76459,"1,198.85",1.94,0.54,51.95
2015-04-20,219.429993,3040.3,702.292,4994.602,2100.4,600.47626,313.65958,486.50507,603.31824,506.17438,851.99774,326.65317,704.16547,154.6335,227.49376,189.99413,"1,196.50",1.9,0.55,56.37
2015-04-27,240.358002,3108.6,696.109,5060.246,2108.92,597.6106,318.09024,484.57956,610.3651,501.96878,844.5125,325.636,722.5426,158.36174,226.66785,190.53455,"1,202.00",1.94,0.54,55.56
2015-05-04,240.296005,3041.9,704.029,5016.93,2114.49,603.3569,320.4058,485.70108,606.7984,501.66293,844.9366,330.99365,719.2834,160.12161,227.49983,185.45871,"1,188.25",2.16,0.6,58.92
2015-05-11,236.802002,2880.4,702.315,4993.574,2105.33,585.5674,321.77545,486.18842,604.8983,502.2799,848.2508,331.85956,713.6853,156.25656,222.07373,183.75758,"1,184.20",2.28,0.62,59.23
2015-05-18,240.953003,2924.3,716.537,5078.438,2129.2,587.43774,321.28607,491.66437,609.5942,509.13348,862.2137,334.11453,726.03094,158.51123,224.96225,186.50063,"1,225.74",2.23,0.58,59.44
2015-05-18,240.953003,2924.3,716.537,5078.438,2129.2,587.43774,321.28607,491.66437,609.5942,509.13348,862.2137,334.11453,726.03094,158.51123,224.96225,186.50063,"1,225.74",2.23,0.58,59.44
2015-06-01,222.880997,3087.5,746.076,5082.93,2111.73,570.13727,316.81802,481.39044,606.3001,500.1238,867.73926,331.15515,725.82007,156.30338,225.012,184.81178,"1,189.15",2.19,0.64,60.24
2015-06-08,233.542999,2901.8,712.37,5021.629,2079.28,563.0993,311.7804,476.18005,601.48016,486.8574,853.58716,331.03073,708.0169,153.76955,214.09383,177.94662,"1,173.95",2.39,0.7,58.15
2015-06-15,243.944,2930.7,712.63,5029.973,2084.43,558.8837,311.90286,476.73276,603.21716,487.6753,858.55145,334.94656,707.20856,152.69768,213.92369,177.72359,"1,186.40",2.36,0.72,59.53
2015-06-22,249.011002,3038,728.22,5153.973,2122.85,563.4989,316.64215,483.20477,618.49677,502.14417,882.21265,338.732,718.3395,154.93991,217.21916,179.6168,"1,185.45",2.37,0.68,60.01
2015-06-29,271.912994,3188.8,678.068,4958.469,2057.64,547.53955,302.6164,465.86874,604.1973,490.0125,857.6414,327.57718,690.7717,154.15785,211.05536,173.72896,"1,180.36",2.33,0.64,58.34
2015-07-06,310.867004,3026.4,675.113,4991.941,2068.76,539.38416,301.68625,465.18814,611.2367,494.70517,864.83716,330.76718,694.16113,154.19687,215.21577,177.71466,"1,170.15",2.3,0.6,52.48
2015-07-13,273.614014,2930.2,663.973,5071.512,2099.6,541.63727,302.55902,471.81488,625.0219,509.86902,877.30396,335.4625,702.707,153.24219,218.32693,180.50706,"1,158.00",2.44,0.69,52.19
2015-07-20,292.686005,3006.3,662.504,5218.859,2128.28,525.0086,296.30356,474.01755,628.12036,515.4778,892.2626,342.3891,731.6133,154.95761,219.12128,182.22415,"1,096.95",2.38,0.71,50.11
2015-07-27,282.614014,3114.7,637.879,5039.777,2067.64,503.335,279.57877,453.9683,620.56537,509.26752,863.81995,335.89664,703.202,149.48528,217.68808,182.5328,"1,094.42",2.23,0.68,47.17
2015-08-03,265.083008,3188.6,644.353,5115.383,2098.04,497.84515,286.14383,464.97192,634.2166,516.7666,884.77386,338.97772,708.6866,152.03229,224.46965,184.572,"1,086.50",2.16,0.68,45.25
2015-08-10,258.506989,2915.3,652.647,5101.801,2104.18,505.61307,290.6834,471.0437,625.78827,516.2545,876.8611,342.0412,714.8072,152.55264,224.29256,184.54005,"1,104.51",2.24,0.73,44.94
2015-08-17,228.169006,2946.7,637.25,5091.699,2102.44,505.8135,288.08514,469.98184,627.18506,514.47314,879.1906,340.0683,712.71936,151.87506,231.50275,189.0381,"1,117.66",2.16,0.72,41.93
2015-08-24,228.761002,3032,566.576,4526.246,1893.21,438.3591,259.34384,427.74448,565.12787,472.9519,794.34717,304.27997,633.62695,142.75143,219.20926,174.17593,"1,155.05",2.01,0.59,38.22
2015-08-31,239.839996,3144,611.045,4776.508,1972.18,484.20685,271.58508,440.68277,594.06946,484.28506,813.507,315.31287,670.61584,146.61407,214.28001,173.68726,"1,134.50",2.21,0.74,49.2
2015-08-31,239.839996,3144,611.045,4776.508,1972.18,484.20685,271.58508,440.68277,594.06946,484.28506,813.507,315.31287,670.61584,146.61407,214.28001,173.68726,"1,134.50",2.21,0.74,49.2
2015-09-14,231.212006,2915.6,617.666,4805.762,1953.03,457.2418,264.2367,440.42966,593.9522,478.851,811.3844,309.3635,673.20764,144.62836,209.86539,172.02657,"1,108.80",2.18,0.73,44.07
2015-09-21,232.757004,3013.5,608.734,4828.953,1966.97,465.06387,264.1793,441.63348,603.9494,488.59055,809.0259,309.0488,678.41754,143.44507,215.4067,178.3055,"1,133.30",2.2,0.72,46.67
2015-09-28,238.259003,3146.2,576.418,4543.969,1881.77,440.4926,244.61774,422.45044,575.7589,480.2013,743.3296,300.1438,652.428,139.75693,215.86667,172.84514,"1,132.05",2.1,0.67,44.4
2015-10-05,247.050003,3025.5,619.854,4781.266,1987.05,483.09482,266.5269,448.92896,610.8246,499.503,791.58234,312.15878,686.3175,144.04451,223.03221,182.54634,"1,135.75",2.07,0.61,46.28
2015-10-12,261.643005,2886.1,630.543,4838.645,2017.46,500.6936,274.82364,463.14108,619.7051,509.28583,792.8449,313.5125,698.3083,144.26768,224.4978,185.5956,"1,164.00",.,.,47.09
2015-10-19,283.679993,2959.5,652.875,4905.473,2033.66,500.1154,274.77026,457.31674,624.20746,512.02234,808.2875,316.9018,707.45154,146.01172,227.58453,189.8172,"1,170.45",2.04,0.61,45.91
2015-10-26,325.431,3085.4,670.187,5034.703,2071.18,492.13058,280.58817,473.93588,636.5173,519.996,804.5538,323.886,735.4192,148.81837,225.58493,190.1175,"1,163.20",2.07,0.66,43.19
2015-11-02,373.368011,3194.3,668.533,5127.145,2104.05,514.357,286.171,476.77155,645.1629,514.9482,841.4771,329.2146,741.60834,149.6005,222.4494,193.37794,"1,133.75",2.2,0.77,46.12
2015-11-09,320.165985,2963.4,669.942,5095.301,2078.58,506.72916,282.7243,472.6991,637.1877,500.9636,822.3232,328.7283,740.2347,145.6902,214.76231,181.7217,"1,092.10",2.36,0.89,43.87
2015-11-16,324.536011,2970.1,652.03,4984.617,2053.19,499.2615,282.0576,471.13202,623.773,498.69846,812.9606,325.44772,723.43243,145.68939,218.48955,182.42722,"1,082.85",2.27,0.88,41.68
2015-11-23,371.294006,3077.4,657.184,5102.477,2086.59,493.10742,285.60312,478.40924,646.2593,507.00464,823.408,330.23074,739.9819,146.34648,216.97017,187.90172,"1,069.34",2.25,0.94,39.27
2015-11-30,388.78299,3193.6,677.136,5108.664,2080.41,498.25998,286.31198,473.99677,640.01825,505.7074,820.0366,329.47772,738.6904,147.38176,216.00935,187.15054,"1,064.42",2.21,0.94,40.43
2015-12-07,433.755005,2974.9,684.855,5101.813,2077.07,456.56375,281.9612,471.49835,640.48456,516.82025,823.2163,329.91092,745.9853,149.64056,215.0149,187.12796,"1,070.39",2.23,0.94,37.64
2015-12-14,442.684998,3006.3,656.491,4952.227,2021.94,446.73355,271.39368,458.55304,620.30426,509.8537,815.11664,315.48615,724.2361,146.50534,211.35097,184.33713,"1,062.90",2.23,0.97,36.31
2015-12-21,422.822998,3168.4,666.128,4968.922,2021.15,438.67557,269.16525,455.90927,617.3471,512.45087,822.68054,317.8374,717.7333,148.52591,216.30379,186.96521,"1,078.44",2.2,0.96,34.55
2015-12-28,430.010986,3312,671.752,5040.984,2056.5,450.44998,276.17645,465.9173,625.02997,521.5769,834.4645,323.8471,727.9319,151.55539,221.55223,191.03098,"1,069.05",2.24,1.05,36.36
2016-01-04,447.990997,3314.7,656.275,4903.09,2012.66,447.74646,269.0746,456.93582,609.8854,511.6769,817.31433,315.13953,710.25635,149.1484,219.4144,187.92747,"1,074.70",2.24,1.02,36.81
2016-01-11,382.299011,2986.3,603.549,4637.988,1923.67,409.01752,248.21649,434.42673,589.405,507.9985,777.4767,298.81818,675.0927,146.60126,220.4356,184.98808,"1,094.26",2.17,0.94,31.42
2016-01-11,382.299011,2986.3,603.549,4637.988,1923.67,409.01752,248.21649,434.42673,589.405,507.9985,777.4767,298.81818,675.0927,146.60126,220.4356,184.98808,"1,094.26",2.17,0.94,31.42
2016-01-25,368.766998,3103.2,589.805,4518.492,1877.08,398.19162,234.96625,419.29846,574.9384,500.66107,776.6323,280.5994,663.1445,151.08324,220.67691,179.50526,"1,108.05",2.03,0.88,30.31
2016-02-01,376.619995,3176.3,616.604,4620.367,1939.38,426.5296,245.60416,435.1971,591.681,521.9076,769.83075,291.21048,687.4852,159.59369,233.18205,181.7072,"1,128.85",1.97,0.81,31.62
2016-02-08,407.230011,2986.3,571.45,4283.754,1853.44,420.39185,249.29968,431.99738,545.8484,507.6932,733.6089,274.69974,638.7298,160.77275,235.61885,170.29198,"1,191.14",1.75,0.66,29.71
2016-02-08,407.230011,2986.3,571.45,4283.754,1853.44,420.39185,249.29968,431.99738,545.8484,507.6932,733.6089,274.69974,638.7298,160.77275,235.61885,170.29198,"1,191.14",1.75,0.66,29.71
2016-02-22,433.503998,3115.5,615.002,4570.605,1945.5,436.31403,261.02423,453.55963,587.94147,523.19543,771.26117,286.70782,679.9462,162.22542,236.40143,177.27626,"1,208.74",1.77,0.78,31.37
2016-02-29,407.707001,3248.4,622.111,4557.949,1932.23,423.53513,262.457,451.9167,590.1923,521.05524,764.0326,283.61407,675.6279,162.37564,233.94174,179.03946,"1,238.14",1.74,0.78,32.74
2016-03-07,414.065002,3041.5,652.681,4708.254,2001.76,464.02444,275.82626,467.22855,605.3284,529.13043,783.90125,299.343,694.5537,167.57007,239.28998,186.35107,"1,267.39",1.91,0.91,37.9
2016-03-14,413.755005,3040.2,656.352,4750.281,2019.64,459.05026,276.6618,468.72113,614.04596,535.3457,787.31537,301.1104,708.06946,168.38454,243.2397,189.62381,"1,235.28",1.97,0.97,37.2
2016-03-21,426.765015,3175.6,675.957,4808.871,2051.6,470.98398,283.77063,485.725,620.9887,540.45483,777.9272,306.32608,726.3806,170.85268,246.92549,192.4281,"1,243.74",1.92,0.87,39.91
2016-03-28,420.903992,3356.8,665.212,4766.785,2037.05,460.261,281.87582,480.71344,619.28345,538.5946,777.0723,302.05814,721.7265,170.97755,247.68968,193.21254,"1,221.05",1.89,0.89,37.99
2016-04-04,421.563995,3288.1,675.391,4891.797,2066.13,453.66824,280.96875,479.74878,626.1946,549.5942,801.89404,304.58612,739.6558,173.38794,251.90633,197.57732,"1,215.40",1.78,0.75,34.3
2016-04-11,427.398987,3117.8,670.604,4833.398,2041.99,464.17487,281.93097,476.3279,616.095,543.666,795.51044,298.30212,727.81555,167.19444,246.93451,196.12215,"1,257.95",1.73,0.7,40.46
2016-04-18,458.554993,3191.6,673.959,4960.016,2094.34,482.79373,290.6925,488.63687,637.0411,545.1496,816.9817,311.17508,740.6671,168.22162,249.22406,197.76463,"1,231.55",1.78,0.75,39.74
2016-04-25,451.875,3306.9,665.315,4895.785,2087.79,494.55585,294.80164,487.18008,631.844,535.5243,827.7989,316.7342,721.68494,165.75824,240.81708,194.78905,"1,237.90",1.91,0.85,41.67
2016-05-02,458.548004,3366.5,650.275,4817.594,2081.43,502.5741,296.6815,489.7799,637.52795,541.1501,811.0161,317.1123,701.3996,168.30481,247.70189,195.45828,"1,291.60",1.88,0.8,44.75
2016-05-09,457.567993,3143.6,636.541,4750.211,2058.69,481.52258,286.04263,480.2371,631.1318,548.01044,808.50275,310.72015,697.6304,166.6863,248.99968,201.60617,"1,263.85",1.77,0.72,43.45
2016-05-16,439.322998,3162,643.325,4775.461,2066.66,492.8438,292.66385,482.77487,623.92883,547.64685,809.4721,309.62006,706.97437,167.81523,250.14519,198.30927,"1,273.86",1.75,0.79,47.72
2016-05-23,526.232971,3257,669.461,4765.781,2048.04,491.27844,293.39893,475.515,614.1597,533.6544,799.9616,311.98132,706.4673,162.49011,241.6309,191.99469,"1,249.24",1.84,0.91,48.12
2016-05-23,526.232971,3257,669.461,4765.781,2048.04,491.27844,293.39893,475.515,614.1597,533.6544,799.9616,311.98132,706.4673,162.49011,241.6309,191.99469,"1,249.24",1.84,0.91,48.12
2016-06-06,672.783997,3167.7,703.704,4968.715,2109.41,504.15973,301.24994,488.0709,628.33777,547.4728,838.21356,318.0642,729.893,167.11415,252.45271,195.18672,"1,245.24",1.73,0.8,49.71
2016-06-13,763.781006,3136,695.423,4848.441,2079.06,499.6252,295.42026,483.0375,618.07776,548.02484,820.9154,308.99484,717.23883,171.19434,254.72514,196.32758,"1,284.05",1.62,0.73,48.89
2016-06-20,629.367004,3242.3,697.084,4837.215,2083.25,505.0955,298.26434,488.7803,624.9244,549.9915,814.77045,307.16147,715.0144,174.38959,255.77074,198.19095,"1,290.15",1.67,0.74,49.4
2016-06-27,658.664001,3354.4,648.317,4594.441,2000.54,485.06876,279.348,461.99323,594.4938,543.27936,790.9489,289.62415,680.2349,177.63353,259.4188,197.82704,"1,324.80",1.46,0.61,45.8
2016-06-27,658.664001,3354.4,648.317,4594.441,2000.54,485.06876,279.348,461.99323,594.4938,543.27936,790.9489,289.62415,680.2349,177.63353,259.4188,197.82704,"1,324.80",1.46,0.61,45.8
2016-07-11,679.458984,3140.7,708.905,4988.641,2137.16,509.83502,295.67645,500.6513,643.7301,571.4467,849.4242,310.82437,730.94275,181.66222,266.6443,209.99554,"1,355.25",1.43,0.66,44.73
2016-07-18,661.284973,3182.4,734.545,5055.781,2166.89,519.3291,307.86472,509.9652,645.3623,570.69666,856.24225,318.17358,747.48016,182.98586,264.68048,209.92351,"1,328.79",1.59,0.68,45.23
2016-07-25,624.68103,3291.5,746.444,5097.629,2168.48,502.60287,304.61652,503.6102,648.9989,567.50885,865.6646,318.52777,756.0548,182.99673,267.54086,212.29228,"1,315.56",1.58,0.72,42.4
2016-08-01,592.690002,3377.3,768.021,5184.195,2170.84,485.50287,303.27954,503.28452,648.6295,560.70795,874.89624,318.13632,771.7972,180.93292,264.69186,213.72328,"1,353.21",1.51,0.67,40.05
2016-08-08,570.473022,3203,772.437,5213.141,2180.89,508.05005,306.11676,505.79184,645.19257,558.5378,862.14935,323.75824,781.08777,178.9751,257.36386,208.58522,"1,335.38",1.59,0.74,43.06
2016-08-15,581.307983,3228.8,790.439,5262.016,2190.15,511.1426,305.81027,510.07425,651.7025,562.4935,865.11255,323.2723,785.85754,179.08408,253.4787,207.58685,"1,339.36",1.55,0.72,45.72
2016-08-22,573.911987,3333.5,797.286,5244.602,2182.64,513.587,306.52396,509.98276,645.7498,562.21814,859.4016,323.13358,782.8943,172.73021,254.85435,204.64804,"1,339.02",1.55,0.76,46.8
2016-08-29,608.633972,3465.2,803.62,5232.328,2180.38,514.6205,307.88715,509.52066,643.827,558.37744,845.0356,327.37122,785.91864,172.91096,250.30711,204.85446,"1,323.41",1.57,0.81,46.97
2016-08-29,608.633972,3465.2,803.62,5232.328,2180.38,514.6205,307.88715,509.52066,643.827,558.37744,845.0356,327.37122,785.91864,172.91096,250.30711,204.85446,"1,323.41",1.57,0.81,46.97
2016-09-12,609.874023,3192.1,783.945,5211.887,2159.04,516.17676,299.6775,499.67392,630.08075,548.7561,837.38715,326.97363,781.80817,172.25366,248.63602,200.29568,"1,327.63",1.68,0.79,46.28
2016-09-19,600.825989,3249.5,803.059,5235.027,2139.12,496.19003,294.48273,492.46008,623.4106,541.5208,830.9618,320.75165,790.14844,168.5763,252.80858,198.12636,"1,313.39",1.7,0.79,43.34
2016-09-26,610.892029,3381.6,796.639,5257.492,2146.1,495.00385,295.75156,497.35843,626.02716,542.8498,835.6035,316.8738,790.1791,172.06306,258.21448,204.884,"1,337.97",1.59,0.76,45.6
2016-10-03,616.752014,3467,829.488,5300.875,2161.2,519.5345,300.00418,505.07324,635.6743,543.2564,832.52374,319.45105,798.6445,170.74783,245.43639,197.17,"1,311.96",1.63,0.8,48.8
2016-10-10,641.630981,3227.2,832.912,5328.676,2163.66,528.1127,295.59427,497.65543,634.1808,537.1218,834.90173,327.32956,806.306,164.71098,241.30443,191.217,"1,259.74",.,.,49.76
2016-10-17,657.070984,3229.2,804.996,5199.824,2126.5,511.9995,290.92767,493.46362,621.54315,535.01733,802.7535,321.06238,793.89844,165.41472,243.83,192.773,"1,255.70",1.77,0.81,49.97
2016-10-24,701.864014,3330.2,829.788,5309.828,2151.33,516.0102,296.02615,493.87482,636.71716,538.75525,804.3481,327.45963,811.67535,157.57645,244.80286,194.098,"1,264.44",1.77,0.84,50.18
2016-10-31,711.521973,3482.8,823.52,5189.137,2126.15,504.8894,293.23978,494.4383,620.5196,541.27185,778.7688,327.74664,800.6418,157.79489,250.82867,189.583,"1,277.38",1.84,0.86,46.83
2016-11-07,702.031006,3227.6,825.872,5166.172,2131.52,510.58194,295.33276,499.84735,622.9733,538.26917,787.80566,331.24512,795.8512,155.57439,247.50687,186.66,"1,281.41",1.83,0.82,44.88
2016-11-14,731.026001,3231.3,832.08,5218.395,2164.2,513.00494,302.21567,528.90894,632.806,516.40027,811.25397,367.6492,775.19214,152.7524,232.72997,184.36,"1,220.26",2.23,1,43.29
2016-11-21,732.034973,3341.1,879.005,5368.859,2198.18,532.4769,306.16968,530.83673,648.1028,520.7687,806.3218,368.62064,804.81024,159.78299,236.33612,181.187,"1,214.05",2.33,1.08,47.48
2016-11-28,773.872009,3463.6,887.255,5368.813,2201.72,525.7094,308.9793,536.26373,653.0569,525.3263,794.51996,366.77594,803.8273,167.44948,242.86136,184.316,"1,193.44",2.32,1.11,45.66
2016-12-05,769.731018,3332.2,858.129,5308.891,2204.71,550.6726,315.13483,539.52496,651.76746,517.31555,787.30444,379.51355,789.1531,163.31628,236.40762,183.867,"1,170.26",2.39,1.13,51.72
2016-12-12,790.530029,3234.4,885.458,5412.539,2256.96,562.7301,320.7285,548.30896,662.38214,534.06085,797.7534,389.64832,811.00446,171.40858,244.21327,191.037,"1,162.21",2.49,1.15,52.74
2016-12-19,896.182983,3340.5,909.68,5457.441,2262.53,560.4198,316.72504,544.74695,660.1929,536.858,801.40076,389.10834,820.63715,175.27162,247.13846,190.524,"1,139.05",2.54,1.24,52.13
2016-12-19,896.182983,3340.5,909.68,5457.441,2262.53,560.4198,316.72504,544.74695,660.1929,536.858,801.40076,389.10834,820.63715,175.27162,247.13846,190.524,"1,139.05",2.54,1.24,52.13
2016-12-19,896.182983,3340.5,909.68,5457.441,2262.53,560.4198,316.72504,544.74695,660.1929,536.858,801.40076,389.10834,820.63715,175.27162,247.13846,190.524,"1,139.05",2.54,1.24,52.13
2017-01-09,821.797974,3306.4,918.581,5531.816,2268.9,549.33466,317.9133,541.7154,662.46985,531.59686,823.90216,388.0995,829.2111,172.58871,244.71512,193.06,"1,181.27",2.38,1.21,51.95
2017-01-09,821.797974,3306.4,918.581,5531.816,2268.9,549.33466,317.9133,541.7154,662.46985,531.59686,823.90216,388.0995,829.2111,172.58871,244.71512,193.06,"1,181.27",2.38,1.21,51.95
2017-01-23,919.495972,3371.8,923.769,5552.941,2265.2,541.2895,321.6898,543.192,668.4021,538.7763,803.7233,381.9839,836.4978,174.86226,245.76918,192.394,"1,217.48",2.41,1.16,52.77
2017-01-30,1027.339966,3517.9,956.84,5613.711,2280.9,534.86206,328.57507,550.5616,676.7931,537.6398,802.7702,389.6679,848.19934,170.19756,245.85362,188.504,"1,195.35",2.49,1.22,52.63
2017-02-06,999.18103,3306.5,967.392,5663.551,2292.56,533.2734,326.3511,547.6936,670.4672,541.2488,825.3478,391.761,856.55005,166.40007,247.76143,190.096,"1,235.59",2.42,1.16,53.01
2017-02-13,1047.869995,3258.5,965.701,5763.957,2328.25,534.5745,329.47803,561.636,682.6732,549.91656,834.8744,398.51727,871.49677,166.12335,250.96216,194.068,"1,225.44",2.43,1.2,52.96
2017-02-13,1047.869995,3258.5,965.701,5763.957,2328.25,534.5745,329.47803,561.636,682.6732,549.91656,834.8744,398.51727,871.49677,166.12335,250.96216,194.068,"1,225.44",2.43,1.2,52.96
2017-02-27,1267.119995,3495.8,982.398,5861.898,2369.75,521.0093,328.045,566.7347,691.6804,564.50586,866.67694,407.08597,887.6612,170.5208,259.16696,198.967,"1,252.76",2.36,1.2,54.04
2017-03-06,1221.380005,3363.3,974.181,5849.176,2375.31,525.5268,327.99118,566.32196,689.23376,563.1778,871.16125,410.834,891.2805,170.30602,259.54874,195.635,"1,225.96",2.49,1.31,53.19
2017-03-13,1036.73999,3347.9,999.39,5875.785,2373.47,510.36502,327.35126,563.1538,691.20337,563.89557,875.03156,410.94434,898.606,170.43222,257.5954,189.377,"1,204.05",2.62,1.4,47.95
2017-03-20,966.724976,3459.2,1012.293,5901.527,2373.47,511.17996,330.65662,563.54767,694.0964,567.19366,868.1074,403.22256,905.313,171.67482,258.47824,192.746,"1,233.90",2.47,1.3,47.79
2017-03-27,1102.170044,3594.6,1005.953,5840.375,2341.59,500.87195,325.48816,552.65625,688.9608,562.1994,861.70593,389.46622,897.5307,167.78159,262.31656,192.683,"1,254.30",2.38,1.27,47.02
2017-04-03,1187.869995,3682.9,1005.798,5894.684,2358.84,513.1252,327.43845,558.3957,697.05206,560.92126,860.5327,393.42688,904.88617,168.34816,260.24826,195.62,"1,253.35",2.35,1.24,50.25
2017-04-10,1182.939941,3361.9,991.623,5880.926,2357.16,521.1248,329.73984,561.24915,696.99445,563.96497,858.51917,389.70587,899.5748,165.31873,261.25052,197.959,"1,254.73",2.37,1.29,53.06
2017-04-17,1207.209961,3431.8,972.565,5856.789,2349.01,510.37567,324.17236,556.5368,695.8557,567.8286,857.5458,386.48224,897.3313,165.69664,263.45932,200.379,"1,284.80",2.26,1.21,52.62
2017-04-24,1347.890015,3518.4,1007.799,5983.82,2374.15,501.22733,331.23743,569.4449,706.60266,570.136,859.6366,393.10312,916.3886,162.67,263.79434,197.623,"1,275.30",2.28,1.25,48.9
2017-05-01,1596.709961,3584.5,1015.427,6091.602,2388.33,497.83624,332.76633,567.3035,717.23474,563.6512,873.5517,392.7609,936.1875,159.0746,260.45276,196.593,"1,256.80",2.33,1.28,48.83
2017-05-08,1808.910034,3389.5,1007.157,6102.66,2399.38,498.9493,332.4672,572.56024,719.29285,566.86115,872.5724,395.05475,944.92346,158.79675,262.20026,194.821,"1,226.30",2.39,1.33,46.46
2017-05-15,2041.199951,3427.2,1061.054,6149.676,2402.32,500.45096,332.61694,570.1431,715.05963,566.2616,874.29456,393.46985,956.8789,157.06097,262.62747,194.081,"1,230.71",2.34,1.31,48.86
2017-05-22,2155.800049,3541.3,1072.304,6133.617,2394.02,497.30624,328.52774,570.1519,713.4445,571.1632,867.8686,387.6866,953.8463,156.53915,265.38538,196.305,"1,260.46",2.25,1.29,50.81
2017-05-22,2155.800049,3541.3,1072.304,6133.617,2394.02,497.30624,328.52774,570.1519,713.4445,571.1632,867.8686,387.6866,953.8463,156.53915,265.38538,196.305,"1,260.46",2.25,1.29,50.81
2017-06-05,2958.110107,3507.5,1106.218,6295.684,2436.1,477.4563,335.55005,580.18665,730.5235,588.3498,890.5126,388.71857,980.4047,159.38765,272.7173,197.985,"1,279.95",2.18,1.32,47.4
2017-06-12,2548.290039,3387.5,1084.437,6175.465,2429.39,489.76526,340.12836,582.5316,717.3362,581.137,892.94324,402.98703,949.9889,161.36946,270.0615,199.167,"1,265.74",2.21,1.35,46.1
2017-06-19,2589.409912,3481.5,1087.919,6239.012,2453.46,485.59882,342.105,592.65204,723.58014,580.9103,908.2891,407.52704,962.36914,159.74365,273.92474,201.022,"1,243.25",2.19,1.36,44.24
2017-06-26,2506.469971,3649.9,1077.92,6247.148,2439.07,473.6932,339.21762,582.89124,715.3423,575.1925,929.87054,398.80814,962.447,156.68224,272.24155,201.994,"1,244.45",2.14,1.36,43.24
2017-07-03,2518.439941,3717.8,1020.507,6110.059,2429.01,487.4896,340.48407,586.37006,712.73926,566.1761,918.3208,415.0714,932.2908,155.36293,262.3507,200.885,"1,220.46",2.35,1.41,.
2017-07-10,1929.819946,3428.6,1067.097,6176.395,2427.43,473.2004,341.52722,587.8372,711.0564,558.5222,913.9081,414.8907,953.28424,149.91862,260.90018,194.313,"1,214.35",2.38,1.4,44.4
2017-07-17,2730.399902,3428,1099.551,6314.43,2459.14,481.12503,346.89404,592.99426,719.36383,564.5416,923.0069,412.35757,981.52167,149.44333,264.54904,199.337,"1,234.40",2.31,1.36,46.02
2017-07-24,2757.179932,3564.4,1103.013,6410.809,2469.91,478.03094,345.77078,585.19354,722.23517,565.3637,935.15405,412.99313,994.47815,149.12706,267.84293,200.118,"1,255.24",2.26,1.37,46.21
2017-07-31,3213.939941,3726,1085.15,6348.125,2470.3,489.56534,342.0204,582.9907,726.64557,569.0398,923.10675,416.16812,980.3982,161.84332,270.0427,201.237,"1,269.55",2.3,1.34,50.21
2017-08-07,4073.26001,3460.7,1098.254,6383.773,2480.91,479.27225,342.17136,587.8408,725.6826,570.2417,920.0805,420.14108,995.35596,161.14923,273.52936,201.096,"1,257.69",2.26,1.36,49.37
2017-08-14,4087.659912,3464.4,1093.744,6340.23,2465.84,468.29306,337.92813,584.75665,719.56964,569.6341,913.9111,415.18567,995.62866,160.85844,273.58167,200.588,"1,281.95",2.22,1.33,47.59
2017-08-21,4382.879883,3612.5,1064.52,6213.129,2428.37,454.5665,336.55646,572.8331,702.9822,569.29266,904.8295,406.65158,979.6591,157.0762,276.33496,199.643,"1,291.22",2.18,1.32,47.39
2017-08-28,4582.959961,3729.4,1082.621,6283.016,2444.24,459.61395,341.28082,574.30927,705.05286,560.16925,915.89954,408.6698,992.495,159.03021,278.85333,201.107,"1,310.49",2.16,1.33,46.4
2017-08-28,4582.959961,3729.4,1082.621,6283.016,2444.24,459.61395,341.28082,574.30927,705.05286,560.16925,915.89954,408.6698,992.495,159.03021,278.85333,201.107,"1,310.49",2.16,1.33,46.4
2017-09-11,3582.879883,3439,1115.46,6432.266,2488.11,476.23383,347.7969,584.5121,711.55914,568.44055,959.6572,405.497,1015.9413,150.3669,281.62244,205.934,"1,327.32",2.14,1.32,48.06
2017-09-18,3682.840088,3479.5,1160.896,6454.637,2503.87,489.89453,353.44775,594.9512,711.1875,569.0939,955.5254,415.98627,1014.5995,156.466,275.1749,203.385,"1,307.57",2.23,1.4,49.88
2017-09-25,4403.740234,3599.2,1126.937,6370.594,2496.66,504.7405,355.18146,603.1007,711.7459,559.4722,941.7936,422.04572,993.803,162.9801,272.5335,199.294,"1,310.55",2.22,1.44,51.85
2017-10-02,4610.47998,3706.2,1178.754,6516.719,2529.12,506.62704,360.04547,608.67175,718.7618,554.2809,955.31573,432.89102,1018.935,162.20064,269.5702,198.394,"1,271.12",2.34,1.49,50.59
2017-10-09,5678.189941,3490.8,1199.859,6579.73,2544.73,505.0515,362.97897,609.967,727.7999,552.3014,953.1492,435.6222,1035.9348,160.31128,271.2595,200.418,"1,284.10",.,.,49.58
2017-10-16,6008.419922,3497.7,1224.988,6624.004,2557.64,505.60886,365.2348,613.07715,727.1836,562.3251,949.41644,436.29465,1050.9541,154.29579,273.9951,202.817,"1,294.74",2.3,1.54,51.86
2017-10-23,6153.850098,3615.3,1237.14,6586.824,2564.98,499.31915,367.2012,614.96606,722.00867,554.55,967.85706,441.42874,1053.0182,153.26936,278.47064,201.261,"1,282.07",2.38,1.58,51.91
2017-10-30,7407.410156,3765.2,1265.911,6698.965,2572.83,501.25607,369.00668,607.7692,732.3005,541.97675,939.8727,442.4131,1092.0016,147.76003,279.2211,199.972,"1,276.24",2.37,1.58,54.11
2017-11-06,5950.069824,3551,1317.341,6786.434,2591.13,519.32947,366.92532,607.7303,734.87616,541.48517,940.5661,443.46063,1111.4854,142.38521,278.7493,205.086,"1,281.55",2.32,1.61,57.34
2017-11-13,8036.490234,3478.8,1306.582,6757.594,2584.84,510.88004,365.9096,597.94293,737.3101,561.9189,939.6389,433.04944,1107.516,143.64066,284.4223,209.136,"1,277.99",2.4,1.7,56.77
2017-11-20,9330.549805,3588.4,1322.811,6790.715,2582.14,495.30078,365.2678,597.0585,745.47406,563.55835,934.9049,435.49414,1106.5382,146.56317,280.9568,206.118,"1,276.70",2.37,1.77,56.21
2017-11-27,11323.2002,3732.3,1324.155,6878.52,2601.42,494.79965,365.5921,602.8554,752.89734,564.44916,944.9238,434.02087,1122.8082,148.34608,283.28644,206.74,"1,294.50",2.32,1.74,58.1
2017-12-04,15455.40039,3678.2,1227.853,6775.367,2639.44,513.17596,372.9171,624.5488,776.75165,582.84186,949.95,463.70532,1078.9661,160.20451,282.855,203.632,"1,276.23",2.37,1.8,57.48
2017-12-11,19140.80078,3505.5,1245.577,6875.078,2659.99,513.39813,371.58334,626.51074,773.85333,581.12683,961.9038,462.35776,1110.0316,159.93916,283.3056,204.728,"1,241.96",2.39,1.82,57.84
2017-12-18,13925.79981,3592,1277.911,6994.758,2690.16,512.7614,375.9436,634.108,786.9666,587.8528,969.5502,466.65857,1128.9037,165.99081,276.50156,206.683,"1,261.69",2.39,1.84,57.17
2017-12-18,13925.79981,3592,1277.911,6994.758,2690.16,512.7614,375.9436,634.108,786.9666,587.8528,969.5502,466.65857,1128.9037,165.99081,276.50156,206.683,"1,261.69",2.39,1.84,57.17
2017-12-18,13925.79981,3592,1277.911,6994.758,2690.16,512.7614,375.9436,634.108,786.9666,587.8528,969.5502,466.65857,1128.9037,165.99081,276.50156,206.683,"1,261.69",2.39,1.84,57.17
2018-01-08,13772,3587.5,1335.538,7157.387,2747.71,557.6437,394.5633,658.0178,811.59155,589.3444,983.5247,471.3269,1157.0177,164.1203,263.15225,201.103,"1,320.58",2.49,1.96,61.73
2018-01-08,13772,3587.5,1335.538,7157.387,2747.71,557.6437,394.5633,658.0178,811.59155,589.3444,983.5247,471.3269,1157.0177,164.1203,263.15225,201.103,"1,320.58",2.49,1.96,61.73
2018-01-22,11786.29981,3630.1,1382.409,7408.031,2832.97,576.51556,395.7976,670.693,850.0042,602.6869,1029.8303,494.62427,1190.5111,164.98784,254.15283,196.542,"1,334.11",2.66,2.08,63.66
2018-01-29,8277.009766,3754.9,1378.415,7466.504,2853.53,564.36835,397.02692,674.3791,865.5588,602.1782,1056.4921,498.9944,1193.4026,164.75435,255.819,196.733,"1,340.35",2.7,2.11,65.71
2018-02-05,8129.970215,3602.5,1255.811,6967.527,2648.94,513.07336,366.08716,627.2323,812.3123,560.72064,959.9267,462.91592,1107.7837,157.74533,248.84944,188.872,"1,339.60",2.77,2.08,64.18
2018-02-12,10551.79981,3455.6,1279.143,6981.965,2656,499.14938,373.67343,630.62915,813.29193,558.65283,958.24664,465.2718,1122.8888,156.60745,248.08875,186.663,"1,322.88",2.86,2.09,59.41
2018-02-12,10551.79981,3455.6,1279.143,6981.965,2656,499.14938,373.67343,630.62915,813.29193,558.65283,958.24664,465.2718,1122.8888,156.60745,248.08875,186.663,"1,322.88",2.86,2.09,59.41
2018-02-26,11512.59961,3676,1380.271,7421.465,2779.6,508.9143,385.3949,660.66754,849.4117,562.51385,998.1111,489.69196,1208.3829,158.06645,253.56471,190.262,"1,333.16",2.86,2.22,63.81
2018-03-05,9578.629883,3653,1375.856,7330.703,2720.94,497.10577,373.12094,637.4891,828.88007,556.7834,974.75037,477.8895,1190.8029,155.67659,251.77534,186.804,"1,320.01",2.88,2.24,62.49
2018-03-12,8223.679688,3555.3,1445.901,7588.324,2783.02,501.8856,381.97067,649.9088,846.667,559.4522,994.9092,490.17218,1233.9741,157.29042,249.92276,191.997,"1,323.05",2.87,2.27,61.35
2018-03-19,8495.780273,3638.5,1394.815,7344.242,2712.92,489.4979,365.2113,639.2606,827.24854,543.31226,973.13196,476.2004,1192.6663,154.44322,253.34424,191.667,"1,316.94",2.85,2.31,62.01
2018-03-26,6844.22998,3775.9,1380.103,7220.543,2658.55,502.06534,358.01517,626.62103,821.28156,530.4367,941.7401,460.10077,1167.6254,148.41617,251.37245,188.651,"1,353.46",2.85,2.33,65.49
2018-04-02,7023.52002,3883.4,1277.013,6870.117,2581.88,488.35043,348.61035,612.0427,784.1133,528.4566,921.22076,447.7986,1113.276,149.45692,254.21281,189.615,"1,341.35",2.73,2.25,63.05
2018-04-09,8329.110352,3583.6,1273.797,6950.344,2613.16,500.1271,355.6169,610.0941,799.62756,539.2143,933.59155,453.18753,1124.1237,149.60825,256.1157,190.702,"1,336.24",2.78,2.29,63.4
2018-04-16,8802.459961,3606.2,1332.516,7156.285,2677.84,533.1034,368.67657,628.3904,811.7555,547.2851,954.5301,457.7199,1165.2225,152.76642,255.85432,189.303,"1,345.91",2.83,2.39,66.23
2018-04-23,9419.080078,3738.1,1253.977,7128.602,2670.29,544.7824,368.15457,635.0279,821.30255,517.07855,953.6001,462.35873,1150.1216,151.6682,255.26256,186.85,"1,325.00",2.98,2.49,67.61
2018-04-30,9654.799805,3832.1,1244.396,7066.266,2648.05,544.55774,356.7061,607.1672,825.3098,517.2464,951.2664,455.35306,1141.9758,148.2403,261.38748,190.594,"1,315.36",2.95,2.49,68.56
2018-05-07,8723.94043,3548.7,1308.476,7265.211,2672.63,545.84186,361.70642,611.35956,830.81757,506.42004,935.9617,455.0884,1193.9797,144.4386,259.64163,193.389,"1,314.30",2.95,2.49,70.74
2018-05-14,8513.25,3536.6,1367.505,7411.316,2730.13,568.8487,370.03644,626.54236,836.11316,507.25986,966.4105,467.99908,1225.2753,146.12163,253.99614,192.975,"1,312.82",3,2.55,71.01
2018-05-21,7368.220215,3655.4,1359.338,7394.035,2733.01,579.3959,376.60043,641.6156,838.85004,509.3195,962.8684,466.51782,1216.6982,146.90997,248.46524,190.067,"1,292.68",3.06,2.58,72.26
2018-05-21,7368.220215,3655.4,1359.338,7394.035,2733.01,579.3959,376.60043,641.6156,838.85004,509.3195,962.8684,466.51782,1216.6982,146.90997,248.46524,190.067,"1,292.68",3.06,2.58,72.26
2018-06-04,6786.02002,3743.6,1422.673,7606.461,2746.87,556.21063,370.91278,629.8385,856.1841,512.06366,966.3344,456.52557,1257.4155,145.07922,250.87657,197.031,"1,291.98",2.94,2.52,64.76
2018-06-11,6499.27002,3519.9,1408.99,7659.926,2782,567.0495,380.00217,641.6031,876.4838,524.1219,983.3124,463.87454,1255.9935,151.10664,244.16035,197.114,"1,300.14",2.96,2.52,66.1
2018-06-18,6173.22998,3601.8,1407.906,7747.023,2773.75,553.66473,373.44785,629.3377,891.38934,522.2883,980.10425,456.01575,1265.7266,144.25308,252.11012,194.688,"1,278.31",2.92,2.56,65.91
2018-06-25,6385.819824,3716.8,1328.04,7532.008,2717.07,543.6018,361.23523,602.73346,867.5188,532.74567,974.4838,445.20334,1217.5509,146.27728,261.7591,199.433,"1,266.00",2.87,2.54,69.91
2018-07-02,6773.879883,3828.6,1321.814,7567.688,2726.71,552.85706,361.97836,603.2745,871.6456,526.29443,969.30615,444.0691,1230.6702,148.46141,265.391,200.902,"1,241.97",2.87,2.57,73.89
2018-07-09,6359.640137,3576.2,1358.03,7756.203,2784.17,567.9252,369.46194,617.3613,888.2688,534.0671,1002.1909,452.89224,1256.9913,149.17778,261.27524,203.561,"1,257.76",2.86,2.57,73.93
2018-07-16,7418.490234,3572.2,1339.241,7805.719,2798.43,557.41986,364.12555,617.2239,898.16797,538.9596,1004.64667,455.69165,1271.2484,149.63625,266.10577,202.525,"1,240.82",2.85,2.59,68.22
2018-07-23,8218.459961,3674.4,1361.378,7841.871,2806.98,551.23413,363.40652,621.5409,891.51086,539.2932,1005.67584,463.64456,1283.5966,146.15965,263.3662,200.078,"1,224.54",2.96,2.64,67.9
2018-07-30,7068.47998,3845.5,1358.56,7630.004,2802.6,570.9825,371.04523,632.3647,881.2838,547.12885,1018.0687,467.04242,1239.7942,150.76242,265.29495,200.128,"1,221.80",2.98,2.66,71.19
2018-08-06,6322.689941,3634.5,1389.224,7859.68,2850.4,557.9331,371.63647,637.7629,895.72394,557.46405,1039.9486,468.48352,1284.5969,151.02565,270.38882,206.384,"1,206.94",2.94,2.64,69.01
2018-08-13,6506.069824,3563.5,1356.754,7819.707,2821.93,547.4366,364.13095,627.508,892.172,546.0146,1036.4548,459.1382,1279.4183,151.92007,268.59366,203.038,"1,193.64",2.88,2.61,67.25
2018-08-20,6707.259766,3656.5,1322.098,7821.008,2857.05,537.803,368.7485,643.80493,900.29333,563.9316,1056.2169,468.3216,1277.2012,157.89175,274.2211,209.065,"1,190.53",2.82,2.6,66.5
2018-08-27,7272.720215,3804.8,1397.456,8017.895,2896.74,552.4361,375.8483,650.7864,919.46075,554.3359,1064.5391,474.04074,1313.3002,157.18921,269.54697,206.518,"1,211.35",2.85,2.67,69.97
2018-08-27,7272.720215,3804.8,1397.456,8017.895,2896.74,552.4361,375.8483,650.7864,919.46075,554.3359,1064.5391,474.04074,1313.3002,157.18921,269.54697,206.518,"1,211.35",2.85,2.67,69.97
2018-09-10,6517.180176,3559.3,1375.741,7924.16,2877.13,534.8313,369.83234,653.1913,921.1218,558.8926,1064.73,468.26227,1292.4109,154.8508,273.95758,207.011,"1,195.88",2.94,2.73,67.55
2018-09-17,6710.629883,3560.3,1357.477,7895.793,2888.8,546.771,372.7013,662.0831,916.9206,562.3909,1075.3318,465.32138,1293.6659,158.81065,274.22473,207.24,"1,200.93",2.99,2.78,68.86
2018-09-24,6625.560059,3682.9,1388.463,7993.25,2919.37,564.5102,374.80936,661.7163,927.0764,558.53754,1093.6818,472.4727,1315.2888,159.18842,266.8226,201.521,"1,198.86",3.08,2.83,73.23
2018-10-01,6602.950195,3808.7,1370.442,8037.301,2924.59,569.1304,366.9113,665.0064,936.3893,554.54755,1107.2811,459.7734,1328.546,160.37657,266.47397,200.142,"1,188.47",3.09,2.82,75.37
2018-10-08,6290.930176,3591.7,1301.001,7735.949,2884.43,571.0885,361.25366,665.32477,897.5486,557.2786,1090.4866,467.75604,1277.2489,156.72583,274.342,198.939,"1,188.01",.,.,74.27
2018-10-15,6482.350098,3608.7,1241.822,7430.742,2750.79,536.08044,335.83527,622.8443,861.52094,542.4776,1045.9302,436.929,1222.769,151.46394,269.7501,191.621,"1,226.93",3.16,2.85,71.84
2018-10-22,6486.390137,3737.2,1234.195,7468.629,2755.88,524.1886,329.84607,612.89905,852.55054,557.9501,1050.1952,433.40787,1238.584,153.14326,275.0996,193.986,"1,222.17",3.2,2.92,69.25
2018-10-29,6376.129883,3890.6,1140.153,7050.293,2641.25,483.30786,317.1498,571.2398,808.6785,560.5596,1013.511,422.93927,1173.7291,144.18535,274.7498,197.803,"1,229.74",3.08,2.81,67
2018-11-05,6411.27002,3709.4,1228.599,7328.852,2738.31,509.06064,338.88174,599.0869,852.5188,574.72876,1041.9269,444.03882,1204.8229,149.39459,273.31137,200.762,"1,231.30",3.2,2.91,63.12
2018-11-12,5623.540039,3547.4,1174.49,7200.867,2726.22,494.85986,338.7401,596.0851,850.8928,580.4295,1059.8739,440.36237,1180.6102,147.36275,277.80722,205.017,"1,200.65",.,.,59.85
2018-11-19,4009.969971,3634.9,1173.011,7028.477,2690.73,494.54782,340.31793,594.26135,815.35815,572.9439,1049.9916,443.463,1148.5889,144.14272,278.49796,207.05,"1,224.05",3.06,2.79,57.16
2018-11-26,4139.87793,3765,1201.721,7081.852,2673.45,478.03424,337.0905,589.1669,822.8143,560.662,1045.5085,439.52704,1146.4292,144.76761,274.80597,203.716,"1,222.37",3.07,2.84,51.46
2018-12-03,3614.234375,3888.3,1272.737,7441.512,2790.37,497.52185,347.07462,614.9514,872.4418,575.9216,1101.6154,449.1992,1215.0325,149.97548,283.1867,209.641,"1,231.08",2.98,2.83,52.98
2018-12-10,3252.839111,3644.5,1174.185,7020.52,2637.72,463.72345,324.3356,571.09326,818.61536,558.74445,1049.4398,409.6251,1145.7476,144.77657,285.31894,208.563,"1,244.59",2.85,2.72,51.07
2018-12-17,3998.980225,3662.1,1162.463,6753.734,2545.94,447.46475,313.8792,551.4542,784.90857,542.90314,1005.04095,396.80783,1104.3503,141.67862,276.9269,198.002,"1,245.91",2.86,2.7,49.8
2018-12-24,3865.952637,3878.3,1069.391,6192.918,2351.1,398.39072,296.5771,507.49588,723.4689,500.593,934.17535,370.4908,1011.3142,130.86314,261.6962,185.389,"1,269.13",2.74,2.55,.
2018-12-31,4076.632568,3997.8,1155.173,6635.277,2506.85,424.067,316.62045,542.1619,781.50494,521.8836,1001.17926,395.90262,1088.3071,138.78076,268.6145,192.356,"1,282.82",2.69,2.48,.
2019-01-07,3552.953125,3705,1166.24,6823.469,2549.69,449.1374,322.38696,552.55835,817.354,525.5155,998.84955,403.46643,1088.5936,145.21179,266.08118,192.343,"1,288.67",2.7,2.53,48.27
2019-01-14,3601.013672,3620.6,1194.277,6905.914,2582.61,457.43,324.91898,571.144,822.699,527.668,1005.454,409.67957,1105.3081,146.47043,264.21863,197.818,"1,291.73",2.71,2.53,50.31
2019-01-14,3601.013672,3620.6,1194.277,6905.914,2582.61,457.43,324.91898,571.144,822.699,527.668,1005.454,409.67957,1105.3081,146.47043,264.21863,197.818,"1,291.73",2.71,2.53,50.31
2019-01-28,3464.013428,3864.2,1254.402,7085.684,2643.85,459.8994,332.44025,583.8249,841.0267,533.33124,1017.4359,430.48367,1141.8285,147.01892,269.5001,207.597,"1,303.53",2.75,2.6,51.79
2019-02-04,3690.188232,3817.6,1293.879,7347.535,2724.87,480.25613,334.73264,612.7858,851.54956,549.79596,1046.6089,433.72275,1188.9342,153.6845,277.4179,212.944,"1,311.75",2.73,2.53,54.57
2019-02-11,3673.836182,3605,1308.885,7307.906,2709.8,465.97192,330.9177,617.55884,845.0375,553.79535,1039.0203,426.602,1190.9045,150.77855,282.14484,214.978,"1,308.33",2.65,2.48,52.43
2019-02-11,3673.836182,3605,1308.885,7307.906,2709.8,465.97192,330.9177,617.55884,845.0375,553.79535,1039.0203,426.602,1190.9045,150.77855,282.14484,214.978,"1,308.33",2.65,2.48,52.43
2019-02-25,3847.175781,3760.6,1375.953,7554.461,2796.11,484.13135,351.43893,642.3312,870.9775,557.99945,1070.5663,439.96857,1242.9948,154.41454,286.47092,215.389,"1,327.12",2.67,2.51,55.32
2019-03-04,3951.599854,3793.1,1363.254,7577.566,2792.81,489.63577,345.03452,637.8233,873.5606,557.96277,1059.386,438.9138,1244.1519,155.24161,288.67596,215.352,"1,286.66",2.72,2.55,56.6
2019-03-11,4025.229004,3619.4,1349.876,7558.063,2783.3,476.98532,346.43356,628.0638,865.855,562.1172,1044.3262,433.99484,1248.5791,157.88481,292.19983,218.762,"1,294.25",2.64,2.47,56.79
2019-03-18,4022.168213,3678.3,1388.773,7714.477,2832.94,491.5723,347.88907,629.7414,883.851,568.6844,1063.8287,447.07965,1286.8727,157.2949,294.2033,219.011,"1,303.70",2.6,2.45,59.09
2019-03-25,4105.404297,3813.5,1382.748,7637.543,2798.36,484.8282,339.77774,616.30536,889.79395,571.14667,1048.7043,419.44073,1281.6577,158.1673,297.00592,222.293,"1,321.90",2.43,2.26,58.71
2019-04-01,5198.896973,3945.6,1430.244,7828.91,2867.19,496.13663,352.47867,645.4562,911.7748,578.8969,1064.2412,437.5263,1317.4043,159.97223,293.05304,223.73,"1,287.66",2.49,2.33,61.59
2019-04-08,5167.722168,3690.9,1481.377,7953.883,2895.77,502.89975,362.20624,646.273,933.9143,576.52997,1065.096,442.06366,1337.6301,162.0761,292.5601,225.327,"1,297.41",2.52,2.36,64.37
2019-04-15,5314.53125,3734.6,1485.822,7976.012,2905.58,496.76486,362.09302,647.6682,938.1584,583.7836,1042.8949,447.811,1347.1217,165.14116,295.30496,225.793,"1,287.88",2.55,2.4,63.43
2019-04-22,5285.13916,3862.5,1558.292,8015.266,2907.97,507.07574,359.564,657.6016,941.9344,585.1349,994.2924,452.49088,1368.4817,167.17351,290.30548,217.561,"1,274.92",2.59,2.38,65.66
2019-04-29,5795.708496,3986,1544.44,8161.852,2943.03,489.23615,356.70813,654.68243,954.0602,586.43604,1027.8503,464.21527,1378.8209,171.8904,292.84518,220.446,"1,279.80",2.54,2.3,63.39
2019-05-06,6972.371582,3716.7,1543.726,8123.289,2932.47,474.19177,349.88715,653.8823,948.21014,589.4778,1049.1343,462.42142,1372.2539,167.13747,293.7552,224.014,"1,280.33",2.51,2.31,62.3
2019-05-13,8197.689453,3642,1408.95,7647.023,2811.87,464.19,337.2375,623.4831,902.7904,583.37006,1009.16364,441.94934,1284.7227,160.19273,296.79114,223.355,"1,299.90",2.4,2.18,60.97
2019-05-20,8673.21582,3767,1345.583,7702.375,2840.23,468.54922,337.02362,627.5865,913.16864,592.18494,1021.55597,446.1276,1297.1501,162.83234,297.46188,222.722,"1,277.74",2.41,2.21,63.12
2019-05-20,8673.21582,3767,1345.583,7702.375,2840.23,468.54922,337.02362,627.5865,913.16864,592.18494,1021.55597,446.1276,1297.1501,162.83234,297.46188,222.722,"1,277.74",2.41,2.21,63.12
2019-06-03,7688.077148,4001.2,1300.516,7333.02,2744.45,438.01038,340.5842,609.092,868.20703,577.4817,1010.0656,433.60425,1236.4854,153.12805,296.98706,226.07,"1,325.17",2.07,1.82,53.25
2019-06-10,8994.488281,3696.4,1413.891,7823.168,2886.73,451.19165,359.7218,636.44305,923.22833,599.3195,1053.7848,452.61588,1346.7786,158.75113,300.63528,230.28,"1,328.13",2.15,1.9,53.33
2019-06-17,10855.37109,3750.9,1347.862,7845.023,2889.67,451.55322,357.59332,630.8594,936.8332,601.5847,1057.1885,446.33682,1333.2836,162.90288,304.9845,234.862,"1,339.54",2.09,1.86,51.94
2019-06-24,10817.15527,3852.4,1412.075,8005.695,2945.35,466.21075,363.43118,648.23663,943.97974,605.0882,1079.745,450.76978,1377.3331,165.75293,309.6407,233.241,"1,419.55",2.02,1.72,57.73
2019-07-01,11450.84668,3977.7,1497.55,8091.164,2964.33,471.73505,369.66132,653.2463,953.8373,600.10046,1078.6014,464.14325,1392.4097,165.46077,302.09207,227.255,"1,384.31",2.03,1.78,58.91
2019-07-08,10256.05859,3757.9,1450.409,8098.383,2975.95,467.30417,365.1606,647.59436,966.9199,611.4099,1077.0049,464.87234,1392.924,167.22424,308.2527,234.332,"1,395.50",2.05,1.88,57.35
2019-07-15,10599.10547,3732.3,1515.923,8258.184,3014.3,472.47406,366.68127,657.7427,989.17255,617.1337,1071.7919,467.4795,1428.7937,170.84099,308.69238,233.286,"1,414.08",2.09,1.83,59.3
2019-07-22,9552.860352,3862.3,1554.088,8204.137,2985.03,466.0688,365.65625,652.9276,971.0837,613.9646,1059.3945,464.64713,1432.4432,165.7732,305.63962,227.572,"1,425.12",2.05,1.8,55.87
2019-07-29,10970.18457,4034.5,1598.016,8293.328,3020.97,459.92166,368.8738,660.01526,972.1676,622.50024,1069.1497,472.36127,1448.5841,172.23251,305.82657,230.406,"1,426.94",2.06,1.85,56.85
2019-08-05,11523.5791,3892.7,1423.523,7726.039,2844.74,432.6257,352.515,620.74414,907.6737,592.58887,1028.1298,442.66687,1329.682,162.1421,300.4857,229.477,"1,463.80",1.75,1.59,54.63
2019-08-12,10345.81055,3727.3,1446.979,7863.41,2883.75,429.64587,355.94345,625.84314,919.71454,605.04944,1046.2865,441.2916,1357.6024,164.25978,307.40033,237.553,"1,511.40",1.65,1.58,54.98
2019-08-19,10138.51758,3794,1506.986,8002.813,2923.65,428.0102,357.08267,630.4907,926.7206,624.42175,1056.1815,444.52582,1391.9502,166.64134,312.06644,241.002,"1,495.30",1.6,1.53,56.24
2019-08-26,9757.970703,3919.8,1458.883,7853.734,2878.38,412.5256,344.5493,618.65784,925.716,618.33,1035.4099,436.49838,1369.9529,163.51929,314.19003,240.588,"1,526.35",1.54,1.54,53.54
2019-08-26,9757.970703,3919.8,1458.883,7853.734,2878.38,412.5256,344.5493,618.65784,925.716,618.33,1035.4099,436.49838,1369.9529,163.51929,314.19003,240.588,"1,526.35",1.54,1.54,53.54
2019-09-09,10347.71289,3770.2,1576.388,8087.438,2978.43,441.273,355.58026,649.50446,967.9901,626.8279,1044.0693,460.98932,1416.4899,170.20137,315.12427,243.753,"1,498.95",1.63,1.58,57.88
2019-09-16,10070.39258,3753.5,1594.489,8153.543,2997.96,462.55215,363.30304,665.20886,956.4037,616.75574,1053.255,469.39468,1417.3977,170.99448,317.37543,240.348,"1,498.80",1.84,1.74,63.1
2019-09-23,8104.185547,3873.8,1578.087,8112.461,2991.78,452.7568,365.2324,655.2361,950.35333,621.1484,1059.6979,467.7596,1413.5704,169.98201,324.499,243.391,"1,522.12",1.72,1.68,58.69
2019-09-30,7988.155762,4063.8,1558.755,7999.34,2976.74,437.1305,364.6569,654.8895,947.2741,629.3776,1043.3749,465.5391,1413.3607,167.25604,328.49203,243.6,"1,472.25",1.68,1.63,54.09
2019-10-07,8321.005859,3806.6,1563.165,7956.293,2938.79,419.8575,351.81677,634.485,933.1166,624.9199,1038.9673,453.6524,1407.6326,167.04553,327.59097,243.333,"1,493.60",1.56,1.46,52.76
2019-10-14,8222.078125,3798.1,1590.395,8048.648,2966.15,427.54358,356.77975,646.22595,945.87756,621.80145,1040.1353,459.85672,1430.6561,167.91946,322.23,242.985,"1,492.90",.,.,53.57
2019-10-21,9551.714844,3909.8,1620.042,8162.988,3006.72,428.48926,359.33737,652.35803,963.2946,625.4947,1060.8353,473.08746,1434.9575,171.18721,325.1317,248.758,"1,484.50",1.8,1.62,53.28
2019-10-28,9235.354492,4078.5,1677.569,8325.984,3039.42,436.13794,366.3754,664.11584,954.33185,625.952,1076.0695,477.96588,1473.6246,172.67627,321.22717,241.655,"1,492.69",1.85,1.64,55.6
2019-11-04,9055.526367,4021.9,1726.924,8433.199,3078.27,451.11865,372.92603,684.0519,957.259,621.4323,1093.623,487.0624,1493.201,173.95428,321.00317,239.97,"1,509.63",1.79,1.6,56.33
2019-11-11,8577.975586,3793.6,1727.588,8464.277,3087.01,443.6483,376.99103,688.92285,951.4551,622.73706,1095.6268,493.1958,1510.5082,174.59448,310.9424,234.133,"1,455.90",.,.,.
2019-11-18,7047.916992,3846.3,1738.78,8549.938,3122.03,434.5716,377.47308,690.06586,954.9304,632.64764,1122.4971,493.94897,1533.3137,178.12318,318.39133,239.302,"1,470.85",1.81,1.6,56.82
2019-11-25,7424.29248,4003.1,1731.95,8632.488,3133.64,438.86148,374.245,691.6497,952.53796,629.075,1147.9906,498.7352,1538.3159,177.1279,317.2954,235.329,"1,454.97",1.76,1.61,57.79
2019-12-02,7564.345215,4100.4,1691.748,8567.988,3113.87,431.4904,371.69528,677.639,953.4808,635.7279,1143.6294,495.74484,1521.4418,176.68875,315.89886,234.265,"1,462.44",1.83,1.61,55.97
2019-12-09,7152.301758,3870.5,1714.984,8621.828,3135.96,436.82874,374.8199,678.8514,953.8901,640.8797,1151.2015,501.0701,1529.3845,178.96175,317.5598,238.111,"1,461.99",1.83,1.63,58.99
2019-12-16,7511.588867,3926.3,1813.311,8814.227,3191.45,447.6362,379.3283,686.00037,967.51025,643.4895,1176.295,509.67294,1580.4915,180.1184,323.71002,233.474,"1,476.25",1.89,1.65,60.21
2019-12-23,7422.652832,4113.7,1857.122,8945.648,3224.01,457.2809,383.6483,692.3438,976.1577,646.79065,1194.3252,509.2841,1601.8636,182.178,325.0203,236.594,"1,485.52",1.93,1.64,60.51
2019-12-30,7411.317383,4247,1844.391,8945.992,3221.29,453.38858,382.9663,687.39514,984.8154,646.57916,1184.6577,509.89627,1605.1514,181.28091,326.66852,238.802,"1,515.22",1.9,1.58,61.66
2020-01-06,8192.494141,3991.5,1834.684,9071.465,3246.28,462.34222,373.19406,699.04193,994.12494,642.07104,1187.2728,510.23056,1626.38,185.2401,324.98038,239.256,"1,565.96",1.81,1.54,63.27
2020-01-13,8706.245117,3847.1,1890.791,9273.934,3288.13,454.25378,378.9714,704.16437,997.6731,648.5309,1193.8976,513.1789,1679.0914,188.07701,328.97287,242.766,"1,548.30",1.85,1.58,58.17
2020-01-13,8706.245117,3847.1,1890.791,9273.934,3288.13,454.25378,378.9714,704.16437,997.6731,648.5309,1193.8976,513.1789,1679.0914,188.07701,328.97287,242.766,"1,548.30",1.85,1.58,58.17
2020-01-27,9344.365234,4060.2,1848.857,9139.309,3243.63,417.86853,367.40326,691.38434,975.6396,651.3486,1184.2054,496.2814,1670.678,185.2889,346.20117,247.135,"1,581.95",1.61,1.44,53.09
2020-02-03,10116.67383,4156.5,1812.175,9273.402,3248.92,400.01825,369.72403,683.8406,997.9552,648.188,1164.6426,500.0582,1695.9874,185.16075,351.21878,243.943,"1,576.45",1.54,1.36,50.06
2020-02-10,9934.433594,3839.2,1892.798,9628.391,3352.09,405.24133,377.32785,709.17255,1028.7631,662.4842,1205.4073,513.55945,1772.3567,190.45839,349.05823,250.825,"1,572.30",1.56,1.37,49.59
2020-02-10,9934.433594,3839.2,1892.798,9628.391,3352.09,405.24133,377.32785,709.17255,1028.7631,662.4842,1205.4073,513.55945,1772.3567,190.45839,349.05823,250.825,"1,572.30",1.56,1.37,49.59
2020-02-24,8562.454102,3948.7,1801.232,9221.281,3225.89,386.69626,368.0781,683.1454,994.6399,648.06146,1164.1404,493.01062,1670.3196,182.85057,351.54053,256.232,"1,660.72",1.38,1.26,51.36
2020-03-02,8108.116211,4078.4,1765.376,8952.164,3090.23,353.67755,344.37988,635.3971,947.781,627.8423,1127.5687,462.16492,1637.6125,177.39458,332.24756,239.208,"1,590.73",1.1,0.84,46.78
2020-03-09,5392.314941,3940.5,1558.163,7950.676,2746.56,254.65488,303.9937,552.41174,852.1313,604.4078,1070.4382,376.6018,1440.205,158.44028,319.66968,221.472,"1,680.20",0.54,0.38,31.05
2020-03-16,5830.254883,4055.1,1298.782,6904.594,2386.13,208.41116,257.52283,468.09918,714.9846,541.4545,948.6112,327.86807,1271.3976,141.15227,256.95224,181.985,"1,514.61",0.73,0.36,28.96
2020-03-23,5922.042969,4374.7,1342.12,6860.672,2237.4,181.03162,241.6692,412.05765,713.8369,500.952,870.98706,293.55392,1239.3889,137.76318,227.74803,158.616,"1,553.81",0.76,0.28,23.33
2020-03-30,6791.129395,4772.3,1545.309,7774.152,2626.65,219.81027,287.35236,505.5384,807.5221,571.5219,1036.9813,356.69843,1441.5962,151.12646,293.57028,199.126,"1,623.30",0.7,0.23,14.1
2020-04-06,6971.091797,4607.1,1592.885,7913.238,2663.68,241.06856,288.23444,509.10135,811.30597,591.376,1065.4313,350.2629,1474.5889,153.4757,283.60504,195.017,"1,663.00",0.67,0.27,26.21
2020-04-13,7189.424805,4620.4,1623.677,8192.426,2761.63,258.5686,316.30563,518.92194,866.22235,592.61224,1095.1495,374.3824,1502.2394,158.29005,299.18738,210.393,"1,714.32",0.76,0.25,22.36
2020-04-20,7679.867188,4879.4,1667.574,8560.727,2823.16,251.59726,308.2757,519.0492,912.36755,609.14996,1164.7855,365.34613,1542.9558,163.17577,295.87018,206.403,"1,694.12",0.63,0.2,-36.98
2020-04-27,8897.46875,5108.9,1725.044,8730.164,2878.48,270.06662,321.78305,533.3167,933.0479,604.23425,1183.7878,374.02463,1572.6947,165.54916,299.49567,211.226,"1,715.57",0.67,0.24,12.17
2020-05-04,8756.430664,15940.7,1661.296,8710.715,2842.74,282.38397,320.75452,519.2107,918.0117,590.5412,1138.7247,362.44333,1583.92,168.53427,285.73816,203.764,"1,701.69",0.64,0.19,20.47
2020-05-11,9670.739258,16072.2,1774.312,9192.344,2930.32,289.7805,325.31067,526.5068,952.998,594.4705,1177.1659,362.42215,1676.9889,174.47255,283.73843,204.252,"1,697.35",0.73,0.17,24.02
2020-05-18,8790.368164,16208,1782.54,9234.828,2953.91,292.87442,334.74997,534.89795,972.4933,596.2897,1178.5782,367.15372,1682.7126,175.8476,288.82492,201.207,"1,732.32",0.73,0.18,31.83
2020-05-18,8790.368164,16208,1782.54,9234.828,2953.91,292.87442,334.74997,534.89795,972.4933,596.2897,1178.5782,367.15372,1682.7126,175.8476,288.82492,201.207,"1,732.32",0.73,0.18,31.83
2020-06-01,9758.852539,16326.6,1843.24,9552.051,3055.73,296.50473,350.28772,571.2832,1011.4408,609.5393,1186.0931,392.01263,1718.8732,182.343,305.2816,218.78,"1,740.34",0.66,0.14,35.49
2020-06-08,9386.788086,16448.6,1998.617,9924.746,3232.39,351.05862,375.37564,642.5778,1065.8608,623.156,1208.5596,442.27133,1789.209,187.27895,317.33258,234.352,"1,695.47",0.88,0.22,38.17
2020-06-15,9303.629883,16548.8,1931.01,9726.023,3066.59,299.53708,348.2352,584.87994,1025.3949,598.325,1136.5912,399.55774,1760.2659,181.81635,297.84622,222.042,"1,725.53",0.71,0.19,37.07
2020-06-22,9143.582031,16546.1,1983.361,10056.477,3117.86,298.2651,353.3286,583.9476,1051.2924,604.38367,1165.7361,394.78094,1828.3269,184.51376,292.80316,217.558,"1,755.44",0.71,0.19,40.6
2020-06-29,9073.942383,16610,1943.897,9874.152,3053.24,281.26324,349.84067,577.246,1033.5609,596.52155,1147.0447,379.5631,1805.4586,177.53076,285.7877,212.996,"1,772.28",0.64,0.16,39.67
2020-07-06,9276.5,16803.7,2046.813,10433.648,3179.72,284.51172,367.4124,591.4367,1108.5984,607.6281,1196.3374,389.19424,1884.6992,187.73122,290.43893,221.591,"1,783.90",0.69,0.16,40.51
2020-07-13,9185.817383,16817.7,2034.141,10390.844,3155.22,268.86523,364.8286,577.09186,1106.4644,617.8839,1180.1807,391.21936,1860.9849,188.61357,293.779,213.772,"1,803.39",0.64,0.16,40.06
2020-07-20,9905.166992,16739.8,2110.469,10767.094,3251.84,273.46072,381.48212,601.0066,1142.4728,625.29956,1233.5503,396.39658,1927.6626,192.99292,301.9185,215.189,"1,816.09",0.62,0.16,40.83
2020-07-27,11053.61426,16620,2104.62,10536.266,3239.41,284.7055,392.22528,609.26373,1132.3059,639.97943,1233.3853,399.5807,1880.0382,189.89798,302.51498,218.371,"1,942.42",0.62,0.15,41.46
2020-08-03,11675.73926,16747.8,2177.27,10902.797,3294.61,272.81247,377.3417,608.31305,1139.5333,640.3956,1241.3903,399.8299,1990.7222,191.63644,305.60126,221.517,"1,977.25",0.56,0.11,40.83
2020-08-10,11892.80371,16822.4,2179.603,10968.355,3360.47,289.24255,391.85992,650.1538,1175.3994,654.1347,1234.8811,414.72635,1992.8651,196.48593,311.8208,225.961,"2,027.77",0.59,0.14,41.94
2020-08-17,11664.84766,16905.6,2227.614,11129.727,3381.99,285.17902,395.40607,651.14746,1199.92,660.4959,1250.4707,410.98386,2014.9833,197.08192,305.17618,224.196,"1,986.20",0.69,0.14,42.89
2020-08-24,11711.50586,16813.4,2219.368,11379.719,3431.28,276.87488,395.6656,656.1481,1230.0372,663.58264,1236.4529,412.52832,2089.2783,202.42183,303.2356,222.801,"1,933.09",0.65,0.14,42.44
2020-08-31,10280.35156,16944.9,2260.432,11775.457,3500.31,266.49667,395.6926,656.2182,1253.9127,671.5256,1259.8845,415.53354,2172.202,209.03749,299.45782,224.574,"1,970.15",0.72,0.14,42.61
2020-08-31,10280.35156,16944.9,2260.432,11775.457,3500.31,266.49667,395.6926,656.2182,1253.9127,671.5256,1259.8845,415.53354,2172.202,209.03749,299.45782,224.574,"1,970.15",0.72,0.14,42.61
2020-09-14,10938.27148,17180.7,2181.748,11056.652,3383.54,245.08955,413.76022,662.42957,1205.2408,665.1476,1232.4824,414.69943,2025.0935,198.01552,301.28265,225.135,1956.37,0.68,0.14,37.23
2020-09-21,10775.26953,17144.1,2154.275,10778.797,3281.06,242.44911,397.9182,641.32666,1156.1296,646.3661,1203.7161,398.24194,1978.141,190.89178,293.24744,214.063,1912.57,0.68,0.14,39.26
2020-09-28,10669.58301,17098.6,2237.639,11117.523,3351.6,234.41966,399.242,658.2272,1209.2052,655.2964,1211.6628,399.9745,2042.3184,194.71075,299.29327,219.021,1880.85,0.67,0.14,40.47
2020-10-05,11384.18164,17252.8,2295.559,11332.484,3408.63,229.05095,405.31546,666.52106,1232.4763,663.5283,1239.4968,410.40936,2067.1929,197.37611,312.309,227.197,1912.9,0.78,0.14,39.12
2020-10-12,11483.35938,17270.2,2433.481,11876.258,3534.22,234.41125,417.39014,686.0102,1287.1443,684.0372,1271.8386,423.89172,2171.4753,203.36569,324.73895,230.071,1921.95,.,.,39.22
2020-10-19,13031.17383,17333,2385.848,11478.883,3426.92,223.97447,411.46185,681.01465,1238.0045,671.9608,1236.952,408.66977,2090.5835,196.61241,322.49164,220.187,1904.27,0.78,0.16,40.69
2020-10-26,13737.10938,17279.3,2308.452,11358.938,3400.97,221.992,404.43173,668.602,1231.9978,663.0746,1242.0331,410.10175,2038.3236,199.98381,328.9449,218.113,1901.69,0.81,0.16,38.39
2020-11-02,15479.56738,17479.7,2260.069,10957.613,3310.24,224.77275,410.3442,658.53674,1175.5563,649.8772,1205.9127,403.78296,1955.3447,196.71576,323.9852,216.81856,1895.1,0.87,0.16,36.6
2020-11-09,15955.58789,17558.3,2497.585,11713.781,3550.5,249.66919,436.74738,710.1352,1238.5607,665.8601,1291.3765,447.8857,2122.0737,210.94127,331.6979,226.42,1861.86,0.96,0.17,40.05
2020-11-16,18370.00195,17649.5,2570.977,11924.129,3626.91,271.08994,441.88766,741.3469,1257.5299,698.6947,1302.8691,458.56396,2150.0273,214.48618,338.08752,233.378,1888.52,0.91,0.19,41.14
2020-11-23,18177.48438,17635.1,2595.253,11880.633,3577.59,286.18192,441.62463,742.963,1253.3601,683.17926,1262.4249,459.26102,2108.9775,211.32468,321.63336,227.41,1835.85,0.86,0.16,42.91
2020-11-30,19345.12109,17729.5,2663.485,12198.738,3621.63,274.4181,445.41333,741.2533,1271.4247,686.368,1276.3094,462.45053,2168.1006,215.30518,317.73322,225.821,1777.02,0.84,0.16,45.2
2020-12-07,19142.38281,17845.8,2806.609,12519.945,3691.96,295.54715,446.5538,748.3,1272.1772,690.6283,1300.7715,476.6747,2219.7507,222.3454,317.11322,228.624,1863.69,0.94,0.14,45.72
2020-12-14,23477.29492,17906.5,2736.25,12440.039,3647.49,295.54828,438.27252,738.4223,1265.5398,687.934,1288.292,465.81442,2191.2437,219.99742,312.51813,222.19,1827.17,0.9,0.13,47.02
2020-12-21,26272.29492,17966.4,2747.29,12742.516,3694.92,288.0594,450.06665,744.2017,1279.1023,688.7539,1299.9907,477.97748,2253.6963,218.61035,310.44803,222.837,1876.21,0.95,0.13,47.79
2020-12-28,32782.02344,17999.4,2744.299,12899.422,3735.36,285.81567,448.829,745.10834,1296.0452,693.2902,1303.3684,483.7688,2296.981,221.75145,312.77246,225.835,1871.19,0.94,0.13,47.5
2021-01-04,38356.44141,18071,2783.212,12698.445,3700.65,286.50092,451.03708,730.44446,1287.8479,688.6863,1316.8896,483.80457,2250.1733,218.5774,310.7642,220.396,1942.28,0.93,0.11,47.47
2021-01-11,35791.27734,18127.6,2969.916,13036.43,3799.61,317.86053,481.60358,757.35004,1326.9972,683.4146,1375.4578,515.4261,2279.541,217.4099,314.04913,218.401,1844.66,1.15,0.14,52.15
2021-01-11,35791.27734,18127.6,2969.916,13036.43,3799.61,317.86053,481.60358,757.35004,1326.9972,683.4146,1375.4578,515.4261,2279.541,217.4099,314.04913,218.401,1844.66,1.15,0.14,52.15
2021-01-25,33114.35938,17995.7,3079.209,13635.992,3855.36,314.1692,465.88303,743.2611,1372.3531,675.78406,1379.8604,500.25583,2359.6238,226.9787,325.90872,231.219,1854.99,1.05,0.13,52.78
2021-02-01,38903.44141,18110.8,2999.99,13403.395,3773.86,298.58978,450.01166,723.9346,1343.8452,659.3708,1345.1666,486.3542,2326.0688,222.616,317.5315,234.166,1860.16,1.09,0.11,53.55
2021-02-08,48717.28906,18143.2,3078.478,13987.641,3915.59,334.49954,465.83463,758.8406,1391.3584,678.9557,1349.6039,518.9537,2404.5632,235.32835,320.63135,236.748,1830.16,1.19,0.11,57.95
2021-02-08,48717.28906,18143.2,3078.478,13987.641,3915.59,334.49954,465.83463,758.8406,1391.3584,678.9557,1349.6039,518.9537,2404.5632,235.32835,320.63135,236.748,1830.16,1.19,0.11,57.95
2021-02-22,45137.76953,18284,3102.009,13533.047,3876.5,357.22427,472.9876,770.7135,1331.8795,668.03687,1328.5272,542.83984,2333.9148,234.5859,305.01773,238.314,1808.66,1.37,0.11,61.67
2021-03-01,51206.69141,18384.6,3169.108,13588.828,3901.82,369.47034,472.82477,783.7633,1322.612,655.7071,1327.312,552.36584,2366.2808,237.5362,301.744,232.619,1723.84,1.45,0.13,60.54
2021-03-08,59302.31641,18487.1,2762.753,12609.16,3821.35,397.13217,477.81912,796.3824,1255.5516,663.5516,1311.3942,565.83936,2206.5437,234.24585,305.77347,230.32,1681.24,1.59,0.17,65.03
2021-03-15,57523.42188,18624.5,3032.047,13459.707,3968.94,395.81018,493.20038,822.89954,1345.7579,678.6381,1341.1217,573.08954,2329.808,240.7898,319.17368,245.04,1731.84,1.62,0.14,65.36
2021-03-22,55950.74609,18813.8,3077.549,13377.543,3940.59,366.3863,488.51733,812.98865,1336.8094,685.0461,1349.5146,559.29254,2317.0322,242.55109,313.52127,242.399,1738.69,1.69,0.15,61.48
2021-03-29,58758.55469,18895.4,3054.628,13059.648,3971.09,376.36673,498.88153,831.5661,1320.0054,710.8772,1370.8728,566.8021,2318.628,238.60838,326.18405,249.43,1711.99,1.73,0.14,61.49
2021-04-05,60204.96484,19109.1,3305.427,13705.59,4077.91,370.56686,505.40002,845.87335,1384.9963,706.7335,1366.3457,577.2181,2428.2178,249.74559,328.75818,252.418,1728.44,1.73,0.17,58.73
2021-04-12,56216.18359,19111.5,3258.332,13849.999,4127.99,360.90784,504.21698,852.86334,1419.3024,711.11414,1376.2363,586.4173,2478.921,250.42502,329.7273,253.555,1732.51,1.69,0.18,59.7
2021-04-19,49004.25391,19116.7,3170.998,13914.766,4163.26,364.97595,516.65704,851.4969,1423.7742,713.9545,1415.0906,586.41595,2495.1704,251.23611,339.88617,259.538,1769.31,1.61,0.16,63.33
2021-04-26,56631.07813,18972.8,3250.258,14138.777,4187.62,361.02875,523.4762,856.1839,1431.3503,705.8504,1435.2598,589.92993,2519.8533,251.0067,336.47012,264.585,1780.19,1.58,0.18,62.02
2021-05-03,58232.31641,19106.2,3073.379,13895.117,4192.66,382.42917,528.9992,870.3957,1426.3956,720.0502,1429.4279,605.1882,2447.342,256.54605,338.86868,265.781,1792.36,1.63,0.16,64.46
2021-05-10,46456.05859,19192.1,2967.106,13401.859,4188.43,404.44604,549.31775,891.14453,1391.392,730.5478,1446.0208,626.5493,2378.5015,252.91057,338.59512,265.625,1835.44,1.63,0.16,64.92
2021-05-17,34770.58203,19255.9,2954.627,13379.047,4163.29,410.52835,556.9001,882.2866,1366.2701,726.65375,1434.0833,629.8656,2369.2869,250.57681,330.94116,262.066,1866.13,1.64,0.16,66.24
2021-05-24,35678.12891,19086,3122.984,13661.172,4197.05,393.75607,548.6056,874.89606,1363.7052,730.5289,1447.9708,626.48035,2431.2065,255.81438,334.18445,267.252,1881.07,1.61,0.15,66.13
2021-05-24,35678.12891,19086,3122.984,13661.172,4197.05,393.75607,548.6056,874.89606,1363.7052,730.5289,1447.9708,626.48035,2431.2065,255.81438,334.18445,267.252,1881.07,1.61,0.15,66.13
2021-06-07,39097.85938,19282.6,3191.656,13881.723,4226.52,414.24808,543.86237,882.25946,1365.6913,731.38446,1425.6014,633.7395,2455.2295,260.03525,331.0192,280.724,1899,1.57,0.16,69.21
2021-06-14,35698.29688,19371.8,3255.34,14174.145,4255.15,411.8548,532.5871,868.7394,1390.1837,726.4557,1449.3859,616.1387,2515.4258,262.86536,334.37384,284.807,1865.99,1.51,0.16,70.94
2021-06-21,34649.64453,19280.6,3171.985,14141.48,4224.79,408.72827,515.91,858.4686,1395.0453,713.9852,1455.7322,597.6264,2518.441,260.39075,327.85193,281.431,1782.95,1.5,0.27,73.64
2021-06-28,35287.78125,19238,3323.14,14500.508,4290.61,404.1344,515.9693,861.15265,1427.9253,719.4524,1468.579,609.7838,2578.8193,266.33588,327.52673,279.932,1778.18,1.49,0.25,72.98
2021-06-28,35287.78125,19238,3323.14,14500.508,4290.61,404.1344,515.9693,861.15265,1427.9253,719.4524,1468.579,609.7838,2578.8193,266.33588,327.52673,279.932,1778.18,1.49,0.25,72.98
2021-07-12,31796.81055,19414.8,3319,14733.238,4384.63,398.98395,522.63153,876.09674,1483.202,723.34204,1504.1487,616.0594,2657.5176,270.38474,329.47375,289.565,1805.88,1.38,0.23,74.21
2021-07-19,35350.1875,19453.5,3147.514,14274.984,4258.49,355.36087,497.9437,843.4139,1419.468,731.64496,1482.866,583.8149,2603.4478,262.88913,331.5876,284.404,1812.34,1.19,0.21,66.45
2021-07-26,39974.89453,19410.3,3276.917,14840.711,4422.3,376.3424,517.56525,875.639,1487.9569,738.4613,1522.0261,605.88794,2712.7898,277.91153,333.9791,289.263,1797.27,1.29,0.22,72.15
2021-08-02,43798.11719,19543.4,3377.493,14681.07,4387.16,370.3321,521.16125,867.26184,1442.7334,736.57385,1541.2002,606.38544,2683.6433,272.7753,337.61856,290.06,1813.39,1.2,0.17,71.31
2021-08-09,47047.00391,19602,3399.759,14860.176,4432.35,368.65854,527.54016,871.597,1442.1487,737.00214,1554.7866,630.431,2709.1926,275.4403,342.3617,290.843,1729.46,1.33,0.23,66.56
2021-08-16,49321.65234,19675.9,3322.642,14793.762,4479.71,364.349,539.69,890.0507,1439.2444,754.67065,1574.6915,639.23755,2732.5566,278.0809,350.04654,292.432,1787.24,1.26,0.21,67.44
2021-08-23,48829.83203,19655.4,3342.006,14942.652,4479.53,356.91693,529.9873,873.26715,1431.4792,750.4459,1584.418,630.4785,2767.3955,279.83295,349.40167,292.493,1805.2,1.25,0.23,65.65
2021-08-30,51753.41016,19692.5,3446.441,15265.891,4528.79,364.92484,538.21356,884.13214,1462.6074,746.85834,1575.5997,637.815,2801.9272,286.17407,347.19144,296.054,1810.17,1.29,0.2,69.28
2021-08-30,51753.41016,19692.5,3446.441,15265.891,4528.79,364.92484,538.21356,884.13214,1462.6074,746.85834,1575.5997,637.815,2801.9272,286.17407,347.19144,296.054,1810.17,1.29,0.2,69.28
2021-09-13,47260.21875,19880.5,3449.68,15105.582,4468.73,367.9039,525.6045,861.9443,1463.9254,746.0663,1539.7297,630.2959,2747.3625,284.47037,345.21658,293.93,1793.49,1.33,0.21,70.54
2021-09-20,43208.53906,19838.4,3338.234,14713.902,4357.73,358.00256,498.85693,836.4675,1434.897,730.4101,1530.6543,608.81195,2676.9363,274.63284,334.42392,289.974,1763.88,1.31,0.23,70.41
2021-09-27,48199.95313,19749.5,3445.442,14969.97,4443.11,399.8298,513.20294,853.8342,1479.9614,731.89124,1517.581,644.7602,2725.846,277.50565,327.0877,282.486,1749.85,1.48,0.31,75.54
2021-10-04,54771.57813,19956.3,3180.056,14255.485,4300.46,415.5955,502.28598,834.0359,1423.1708,713.86444,1462.892,629.8585,2598.618,267.0525,328.94565,281.246,1769.51,1.49,0.27,77.68
2021-10-11,61553.61719,19978.7,3221.23,14486.2,4361.19,427.71118,509.72565,846.87646,1444.3768,726.1734,1468.9926,642.32916,2654.4048,268.50345,324.72064,279.318,1753.86,.,.,80.64
2021-10-18,60930.83594,20059.6,3338.776,15021.809,4486.46,434.89435,527.9195,870.7174,1520.8983,731.4344,1480.8309,656.9229,2761.192,273.21646,330.58783,289.289,1764.6,1.59,0.44,82.62
2021-10-25,61318.95703,19951.4,3392.388,15226.706,4566.48,445.91037,537.48315,887.71893,1557.2798,740.8652,1535.8319,674.12085,2791.246,270.70856,340.16367,298.874,1807.47,1.64,0.47,84.64
2021-11-01,63326.98828,20100,3506.28,15595.915,4613.67,443.1129,535.6188,886.0004,1608.7986,741.6727,1557.2015,669.6643,2834.6838,273.31384,341.18103,299.432,1793.05,1.58,0.5,84.08
2021-11-08,65466.83984,20181.8,3803.33,15982.357,4701.7,445.91223,558.2594,903.0484,1641.8834,752.05237,1557.1041,668.31323,2948.5593,278.60168,336.3452,301.213,1824.26,1.51,0.45,81.96
2021-11-15,58730.47656,20250.4,3793.753,15853.846,4682.8,438.21396,562.74554,904.5563,1611.3876,761.05426,1548.3945,666.7547,2932.9802,278.22,341.9308,302.582,1862.46,1.63,0.53,80.85
2021-11-22,57248.45703,20279.8,3847.124,15854.757,4682.94,419.37708,554.8776,894.80347,1664.4219,755.939,1540.4965,657.0807,2971.412,271.53238,342.64716,299.457,1805.04,1.63,0.63,76.74
2021-11-29,49368.84766,20307.8,3910.538,15782.834,4655.27,421.22162,544.1921,872.8125,1639.0902,752.33374,1540.1519,645.9421,2985.4133,268.9619,342.6008,302.339,1785.01,1.52,0.51,69.88
2021-12-06,50098.33594,20460.4,3800.072,15225.153,4591.67,421.6424,541.895,876.333,1592.3427,756.77,1525.2491,640.084,2923.9023,262.44916,345.82578,302.66,1778.11,1.43,0.65,69.62
2021-12-13,46707.01563,20510.1,3814.428,15413.282,4668.97,418.67368,549.16125,879.2516,1574.9976,780.51904,1579.8378,640.404,3019.1428,264.32275,353.53995,310.76,1786.94,1.42,0.66,71.19
2021-12-20,50809.51563,20634.1,3732.387,14980.944,4568.02,403.8953,538.49664,849.68805,1519.5332,780.4382,1593.5636,627.2069,2908.7236,261.28262,353.67227,309.419,1789.32,1.43,0.65,68.69
2021-12-27,47345.21875,20664.5,4039.512,15871.262,4791.19,427.7407,563.5012,888.52826,1617.4467,793.22375,1642.5912,652.70496,3107.4626,272.06226,356.12946,319.6,1810.9,1.48,0.76,75.49
2022-01-03,41911.60156,20630,4027.217,15832.799,4796.56,435.83362,561.81757,887.588,1655.1665,804.55457,1627.8223,658.13116,3086.7512,268.97357,360.29303,321.634,1800.85,1.63,0.78,75.99
2022-01-10,43113.87891,20633.5,3805.387,14942.828,4670.29,466.32288,555.59973,890.387,1559.6812,801.77344,1583.7876,682.85876,2915.0024,260.358,355.56198,306.866,1801.41,1.78,0.92,78.11
2022-01-10,43113.87891,20633.5,3805.387,14942.828,4670.29,466.32288,555.59973,890.387,1559.6812,801.77344,1583.7876,682.85876,2915.0024,260.358,355.56198,306.866,1801.41,1.78,0.92,78.11
2022-01-24,37917.60156,20443.9,3479.95,13855.13,4410.13,479.43475,528.0937,860.1979,1431.8293,789.2144,1503.8932,636.9074,2717.3015,244.268,346.45096,294.467,1843.06,1.75,0.99,84.48
2022-01-31,42412.43359,20433.2,3483.206,14239.883,4515.55,502.92682,530.576,852.3361,1454.4541,792.3757,1530.4615,649.5226,2843.8816,250.40877,351.67096,297.018,1796.47,1.79,1.18,89.16
2022-02-07,42197.51563,20475.1,3452.332,14015.668,4483.87,532.3108,519.76904,847.10583,1453.1748,792.54443,1538.7172,668.5848,2780.5457,238.47453,347.2199,292.424,1820.31,1.92,1.3,91.25
2022-02-14,38431.37891,20497.9,3370.199,13790.919,4401.67,522.66,523.37555,836.78827,1431.8146,782.39,1501.7885,658.8418,2716.6025,235.2815,337.33063,281.686,1870.29,1.98,1.58,95.52
2022-02-14,38431.37891,20497.9,3370.199,13790.919,4401.67,522.66,523.37555,836.78827,1431.8146,782.39,1501.7885,658.8418,2716.6025,235.2815,337.33063,281.686,1870.29,1.98,1.58,95.52
2022-02-28,38419.98438,20599.3,3429.529,13751.399,4373.94,534.946,523.00116,842.7294,1395.4633,780.488,1513.1962,639.8485,2701.1545,232.92369,343.4989,281.913,1907.9,1.83,1.44,96.13
2022-03-07,37849.66406,20748.5,3098.933,12830.962,4201.09,578.72876,502.8823,824.0176,1285.7936,775.5291,1516.1548,595.0635,2526.9207,218.22104,363.05585,286.689,1998.11,1.78,1.55,119.26
2022-03-14,41247.82422,20801.5,3047.497,12581.22,4173.11,563.7703,511.85126,828.66156,1292.5547,748.81244,1510.1526,611.45264,2476.216,215.6095,355.32465,284.597,1951.11,2.14,1.87,103.22
2022-03-21,46820.49219,20802.9,3423.236,13838.46,4461.18,581.0015,543.7032,868.9397,1426.6166,773.95465,1591.5917,646.2089,2717.9026,230.76581,359.9651,292.874,1935.95,2.32,2.14,112.14
2022-03-28,46453.56641,20796,3547.171,14354.902,4575.52,585.91943,558.60565,877.7467,1491.6682,786.3882,1601.4795,655.86163,2820.3523,237.93723,372.17206,299.241,1923.2,2.46,2.35,107.55
2022-04-04,42207.67188,20941,3424.95,14532.554,4582.64,587.29065,559.4927,862.86255,1499.9314,798.8162,1597.2166,633.24725,2842.7883,242.57788,380.57553,307.571,1932.44,2.42,2.43,103.29
2022-04-11,39716.95313,20935.7,3055.085,13411.956,4412.53,586.88184,552.8677,839.3311,1390.9343,819.37976,1631.8416,627.0355,2607.3057,226.8595,385.53186,306.665,1953.43,2.79,2.5,94.22
2022-04-18,39469.29297,21017.1,3085.187,13332.358,4391.69,616.79553,559.6918,842.21265,1411.0117,817.81354,1597.7291,617.14465,2583.122,223.4598,384.58527,304.24,1978.5,2.85,2.46,108.24
2022-04-25,38469.09375,20592.9,3042.392,13004.852,4296.12,560.52545,536.82916,832.2506,1391.8757,831.0738,1567.8403,602.2868,2545.758,209.62785,374.628,307.384,1897.69,2.81,2.63,99.6
2022-05-02,34059.26563,20610.3,3022.241,12536.017,4155.38,580.2424,532.2119,805.92175,1289.4595,800.045,1508.1243,573.81757,2516.6929,202.83197,358.09976,283.964,1862.77,2.99,2.73,105.18
2022-05-09,31305.11328,20549.3,2829.103,11623.248,3991.24,578.2649,513.8035,787.94824,1176.8993,800.0212,1472.7981,562.80255,2364.5813,195.25406,363.5435,267.433,1853.92,3.05,2.61,103.08
2022-05-16,30323.72266,20576.8,2920.058,11662.791,4008.01,628.30597,516.8318,784.9442,1162.1749,805.6426,1507.7516,551.9795,2353.696,198.62871,362.69458,267.381,1823.79,2.88,2.58,114.07
2022-05-23,29445.95703,20520.1,2898.428,11535.275,3973.75,635.50604,526.70154,769.5662,1105.9132,748.1266,1523.0554,564.15857,2339.8467,197.2997,367.2203,268.024,1853.22,2.86,2.65,110.32
2022-05-23,29445.95703,20520.1,2898.428,11535.275,3973.75,635.50604,526.70154,769.5662,1105.9132,748.1266,1523.0554,564.15857,2339.8467,197.2997,367.2203,268.024,1853.22,2.86,2.65,110.32
2022-06-06,26762.64844,20597.4,3062.735,12061.37,4121.43,676.16327,547.73083,808.669,1212.9017,764.89703,1510.3822,580.0247,2443.4102,202.42317,377.4103,273.16,1841,3.04,2.73,118.41
2022-06-13,20553.27148,20567.9,2673.004,10809.225,3749.63,636.31793,491.07196,742.3074,1075.199,728.27026,1415.2135,522.7786,2184.2888,183.65451,343.52954,244.812,1818.77,3.43,3.4,120.92
2022-06-13,20553.27148,20567.9,2673.004,10809.225,3749.63,636.31793,491.07196,742.3074,1075.199,728.27026,1415.2135,522.7786,2184.2888,183.65451,343.52954,244.812,1818.77,3.43,3.4,120.92
2022-06-27,19297.07617,20481,2713.475,11524.551,3900.11,562.23737,477.46677,749.54785,1140.5276,756.9109,1512.604,536.37366,2317.983,194.14299,353.69214,261.285,1822.73,3.2,3.08,111.44
2022-06-27,19297.07617,20481,2713.475,11524.551,3900.11,562.23737,477.46677,749.54785,1140.5276,756.9109,1512.604,536.37366,2317.983,194.14299,353.69214,261.285,1822.73,3.2,3.08,111.44
2022-07-11,20779.34375,20515.1,2553.685,11372.599,3854.43,536.0659,458.13007,738.5353,1117.2324,756.1414,1521.0074,529.20514,2291.6921,190.99559,357.07623,258.042,1733.67,2.99,3.07,106.09
2022-07-18,22609.16406,20477.4,2679.571,11360.048,3830.85,534.5639,454.30295,730.1323,1139.4468,750.6198,1484.8949,526.0388,2293.2341,188.00565,349.504,254.104,1709.01,2.96,3.15,104.48
2022-07-25,23336.89648,20414.2,2825.034,11782.667,3966.84,562.959,474.09198,768.3124,1203.8826,764.6333,1520.6537,547.73883,2386.0447,187.35144,357.28604,264.798,1718.78,2.81,3,99.83
2022-08-01,23175.89063,20476.8,2978.317,12368.976,4118.63,585.6729,487.30698,809.29297,1288.0748,782.83356,1530.6512,555.04095,2517.477,191.73634,376.03204,275.018,1771.73,2.6,2.9,96.59
2022-08-08,24319.33398,20454.5,3004.34,12644.459,4140.06,560.62,487.64206,812.2016,1300.2893,773.78204,1534.4832,558.72003,2549.1587,195.50801,377.53378,275.68,1788.52,2.77,3.21,93.52
2022-08-15,21534.12109,20451.7,3077.327,13128.053,4297.14,585.8561,509.44977,845.15607,1346.5985,791.79694,1563.7861,590.3472,2651.0845,204.50499,391.7848,286.326,1779.36,2.79,3.2,92.24
2022-08-22,19616.81445,20376.6,2843.367,12381.573,4137.99,602.10266,489.4967,818.12994,1279.8013,789.90686,1525.9457,567.359,2517.5422,191.6029,387.98297,273.591,1735.7,3.03,3.32,93.42
2022-08-29,19986.71289,20294.9,2744.498,12017.669,4030.61,639.0998,487.4445,802.0406,1247.9064,771.0436,1470.0698,555.0333,2413.7432,185.89897,384.11783,266.418,1737.82,3.12,3.42,97.4
2022-08-29,19986.71289,20294.9,2744.498,12017.669,4030.61,639.0998,487.4445,802.0406,1247.9064,771.0436,1470.0698,555.0333,2413.7432,185.89897,384.11783,266.418,1737.82,3.12,3.42,97.4
2022-09-12,19419.50586,20324.9,2731.089,12266.411,4110.41,623.3001,493.693,807.86163,1307.3271,771.4117,1526.9789,574.07166,2437.5955,188.9771,394.81476,271.128,1724.07,3.37,3.58,88.18
2022-09-19,18802.09766,20264.4,2577.944,11535.02,3899.89,596.7332,464.26477,761.78516,1253.0059,745.23615,1473.1063,553.5735,2270.0637,176.82161,381.07748,250.875,1675.78,3.49,3.95,86.15
2022-09-26,19044.10742,20120.7,2373.466,10802.922,3655.04,528.638,423.83417,709.4615,1147.573,724.5525,1416.7211,508.21133,2156.2651,164.89156,355.8087,229.039,1621.57,3.88,4.27,77.17
2022-10-03,19446.42578,20171.9,2393.317,10815.435,3678.43,584.4461,442.32013,722.00024,1125.0437,707.86804,1441.4924,518.6961,2145.3076,166.83363,342.4569,230.145,1699.22,3.67,4.12,84.05
2022-10-10,19268.09375,20097.4,2275.345,10542.102,3612.39,616.1827,438.03162,723.014,1102.9479,695.03986,1420.4645,511.19412,2080.9644,163.62521,324.32422,213.978,1667.96,.,.,91.6
2022-10-17,19567.00781,20125.2,2211.659,10675.801,3677.95,625.03296,439.62134,732.7213,1109.3701,710.8801,1466.1774,527.95593,2108.8103,166.72601,322.26093,219.683,1649.94,4.02,4.45,86
2022-10-24,20635.60352,19960.3,2351.547,10952.612,3797.34,670.52234,452.2371,760.0867,1129.7958,731.0766,1502.2781,542.1229,2208.422,170.97581,324.2085,217.165,1648.6,4.25,4.5,86.12
2022-10-31,20926.48633,19995.4,2384.454,10988.146,3871.98,689.83264,466.11942,797.71155,1124.5232,757.2522,1546.6438,563.91205,2241.133,161.86462,339.17868,230.252,1633.12,4.1,4.51,86.54
2022-11-07,16353.36523,19997.6,2450.621,10564.52,3806.8,714.12604,478.0929,812.4817,1060.386,754.5182,1539.4109,568.3708,2149.864,155.16135,333.90607,226.514,1674.68,4.22,4.72,91.8
2022-11-14,16291.83203,19990.8,2728.054,11196.22,3957.25,712.28314,509.7934,835.1845,1110.9307,758.88824,1550.9346,586.34375,2304.9153,166.00723,340.85486,236.281,1771.8,3.88,4.4,85.85
2022-11-21,16444.62695,19965.3,2675.83,11024.511,3949.94,689.4612,504.54007,842.05554,1079.2109,786.38513,1566.484,588.68994,2281.5332,164.96411,349.82733,239.959,1737.81,3.83,4.48,79.74
2022-11-28,17130.48633,19902.3,2678.777,11049.499,3963.94,681.81305,505.93942,839.4242,1100.3846,792.6775,1583.6702,588.72644,2280.5159,165.38725,354.82574,236.178,1740.75,3.69,4.46,77.1
2022-12-05,17104.19336,19950.7,2738.047,11239.937,3998.84,667.0091,515.0252,848.6532,1096.9246,794.22815,1610.1068,580.67615,2321.5415,170.93712,356.7511,239.837,1768.39,3.6,4.41,76.83
2022-12-12,16757.97656,19916,2779.206,11143.738,3990.56,645.1155,512.3208,849.9918,1083.7914,797.3381,1621.8497,579.5524,2331.384,165.3514,365.84705,241.663,1781.15,3.61,4.39,72.96
2022-12-19,16841.98633,19898.3,2599.859,10546.032,3817.66,641.143,489.2382,822.27576,1023.13617,777.77966,1570.1636,556.761,2189.5002,156.64369,354.2872,231.201,1787.44,3.57,4.25,75.05
2022-12-19,16841.98633,19898.3,2599.859,10546.032,3817.66,641.143,489.2382,822.27576,1023.13617,777.77966,1570.1636,556.761,2189.5002,156.64369,354.2872,231.201,1787.44,3.57,4.25,75.05
2022-12-19,16841.98633,19898.3,2599.859,10546.032,3817.66,641.143,489.2382,822.27576,1023.13617,777.77966,1570.1636,556.761,2189.5002,156.64369,354.2872,231.201,1787.44,3.57,4.25,75.05
2023-01-09,20880.79883,19777.1,2686.752,10635.65,3892.09,669.19006,509.4925,850.40717,1033.9257,784.58984,1556.2506,586.18445,2200.611,165.27158,363.29865,238.01,1871.59,3.53,4.19,74.69
2023-01-09,20880.79883,19777.1,2686.752,10635.65,3892.09,669.19006,509.4925,850.40717,1033.9257,784.58984,1556.2506,586.18445,2200.611,165.27158,363.29865,238.01,1871.59,3.53,4.19,74.69
2023-01-23,23774.56641,19499.3,2934.831,11364.414,4019.81,693.90796,523.4286,847.0547,1098.787,761.1071,1566.2408,594.74664,2344.7542,180.23586,352.14053,247.329,1931.3,3.52,4.21,81.62
2023-01-30,22955.66602,19389,2866.687,11393.814,4017.77,684.5272,521.7913,847.4368,1131.0947,762.7091,1533.5681,599.8855,2339.6401,179.60832,348.68338,250.561,1922.52,3.55,4.25,77.97
2023-02-06,21788.20313,19424.5,3029.743,11887.45,4111.08,656.34296,519.95905,868.4748,1175.117,767.0253,1537.0973,607.63947,2444.9995,190.03288,348.0391,255.767,1867.36,3.63,4.44,74.11
2023-02-13,24327.64258,19337.7,3057.319,11891.789,4137.29,687.905,519.5589,871.8282,1167.3706,771.63824,1556.0962,612.86664,2491.4731,181.84145,345.74747,254.386,1853.39,3.72,4.52,80.14
2023-02-13,24327.64258,19337.7,3057.319,11891.789,4137.29,687.905,519.5589,871.8282,1167.3706,771.63824,1556.0962,612.86664,2491.4731,181.84145,345.74747,254.386,1853.39,3.72,4.52,80.14
2023-02-27,22435.51367,19277,2951.207,11466.979,3982.24,647.35364,512.5083,854.0427,1130.6304,757.4064,1491.0231,592.027,2384.7336,173.10934,334.58948,239.858,1817.31,3.92,4.78,75.57
2023-03-06,22163.94922,19288.9,2994.592,11675.737,4048.42,664.9481,523.14404,872.7663,1127.4501,758.1676,1502.3877,597.36017,2454.8586,178.82608,336.28003,242.247,1846.85,3.98,4.89,80.39
2023-03-13,28038.67578,19248.3,2921.705,11188.843,3855.76,616.4743,485.89264,830.3814,1074.9034,744.6754,1457.1428,525.6273,2379.9998,171.13184,330.21628,229.834,1913.23,3.55,4.03,74.68
2023-03-20,27994.33008,19045.8,3114.713,11675.538,3951.57,596.97644,483.51627,826.05597,1101.9493,760.7824,1481.5508,519.15173,2506.7393,183.4409,340.61743,228.789,1978.71,3.47,3.92,67.56
2023-03-27,28199.30859,18878.8,3083.575,11768.836,3977.53,610.60266,487.64008,827.24,1104.4384,765.4808,1490.71,523.1986,2530.3174,186.74059,334.23602,222.451,1956.56,3.53,3.94,72.87
2023-04-03,28333.05078,18895.2,3200.427,12189.453,4124.51,666.0726,511.2256,858.21,1153.3511,784.38904,1527.0352,536.3588,2637.779,192.54082,341.51575,232.559,1984.11,3.43,3.97,80.4
2023-04-03,28333.05078,18895.2,3200.427,12189.453,4124.51,666.0726,511.2256,858.21,1153.3511,784.38904,1527.0352,536.3588,2637.779,192.54082,341.51575,232.559,1984.11,3.43,3.97,80.4
2023-04-03,28333.05078,18895.2,3200.427,12189.453,4124.51,666.0726,511.2256,858.21,1153.3511,784.38904,1527.0352,536.3588,2637.779,192.54082,341.51575,232.559,1984.11,3.43,3.97,80.4
2023-04-03,28333.05078,18895.2,3200.427,12189.453,4124.51,666.0726,511.2256,858.21,1153.3511,784.38904,1527.0352,536.3588,2637.779,192.54082,341.51575,232.559,1984.11,3.43,3.97,80.4
2023-04-03,28333.05078,18895.2,3200.427,12189.453,4124.51,666.0726,511.2256,858.21,1153.3511,784.38904,1527.0352,536.3588,2637.779,192.54082,341.51575,232.559,1984.11,3.43,3.97,80.4
2023-04-03,28333.05078,18895.2,3200.427,12189.453,4124.51,666.0726,511.2256,858.21,1153.3511,784.38904,1527.0352,536.3588,2637.779,192.54082,341.51575,232.559,1984.11,3.43,3.97,80.4
2023-04-03,28333.05078,18895.2,3200.427,12189.453,4124.51,666.0726,511.2256,858.21,1153.3511,784.38904,1527.0352,536.3588,2637.779,192.54082,341.51575,232.559,1984.11,3.43,3.97,80.4
2023-04-03,28333.05078,18895.2,3200.427,12189.453,4124.51,666.0726,511.2256,858.21,1153.3511,784.38904,1527.0352,536.3588,2637.779,192.54082,341.51575,232.559,1984.11,3.43,3.97,80.4
2023-04-03,28333.05078,18895.2,3200.427,12189.453,4124.51,666.0726,511.2256,858.21,1153.3511,784.38904,1527.0352,536.3588,2637.779,192.54082,341.51575,232.559,1984.11,3.43,3.97,80.4
